date,runhash
2024-06-01,O6fM2p6uq6WtrX0OQmp57XtHMAt2zlgmAZZo
2024-06-02,MXrV5p6uq6mW3E0OQmp57XtHMAt2U6sdmpYk
2024-06-03,VYjm6p6uq6hsLW0OQmp57XtHMAt2D9d2ijCa
2024-06-04,lXlR3p6uq6lDn90OQmp57XtHMAt2QD2RxrpS
2024-06-05,n0ZH2p6uq6w4dW7OQmp57XtHMAt2oxrNCofQ
2024-06-06,vm5b6p6uq64rcf3OQmp57XtHMAt2vfHr8L2Q
2024-06-07,UZdC3p6uq6QeEj0OQmp57XtHMAt2BD8WaFVz
2024-06-08,RKWf6p6uq6ddoj0OQmp57XtHMAt2x3CVW1yU
2024-06-09,uL4D7p6uq6nDbk0OQmp57XtHMAt216DnrT3j
2024-06-10,oLXW6p6uq9JveT0OQmp57XtHMAt2DnvrRtxp
2024-06-11,LiQ46p6uq6KXyx0OQmp57XtHMAt2xf5gis8Y
2024-06-12,ixdh9p6uq6nGd10OQmp57XtHMAt2uEa98Xmf
2024-06-13,u8wP9p6uq62Oid0OQmp57XtHMAt2Vii15cNf
2024-06-14,4rCr7p6uq6s0kd7OQmp57XtHMAt2j6dihRjJ
2024-06-15,Vu6i7p6uq6t36K0OQmp57XtHMAt246OGtlmN
2024-06-16,nlEA8p6uq6a6wM3OQmp57XtHMAt2cntzK0Dh
2024-06-17,yWzI9p6uq6ekeW3OQmp57XtHMAt27uRGy573
2024-06-18,In6n8p6uq6BMNR3OQmp57XtHMAt2p8y0aikT
2024-06-19,lJQn8p6uq6xrXh7OQmp57XtHMAt2QS6ZOb1Y
2024-06-20,CEqw9p6uq6TZWP7OQmp57XtHMAt2yaWDZpTb
2024-06-21,1r4u3p6uq07Kjm0OQmp57XtHMAt3kk7rbSiz
2024-06-22,Iwne3p6uq0Yxgf7OQmp57XtHMAt3oPwXBckr
2024-06-23,Iabr5p6uq04PEO0OQmp57XtHMAt33A9KQXdC
2024-06-24,lbvd3p6uq0Yn8U7OQmp57XtHMAt3ter6kAOr
2024-06-25,4s0v4p6uq0oG7g3OQmp57XtHMAt3xDeTSqWX
2024-06-26,kS1c3p6uq0pzid7OQmp57XtHMAt3wIpqJzbK
2024-06-27,tZG63p6uq0MGA67OQmp57XtHMAt3v0DF6odU
2024-06-28,xeAa4p6uq0oi4J7OQmp57XtHMAt3Olm75YiV
2024-06-29,3Z753p6uq0EwEQ7OQmp57XtHMAt3esxZB9Me
2024-06-30,CxZg5p6uq0eiuH7OQmp57XtHMAt3IMQ488Uh
2024-07-01,er156p6uq0Wxz30OQmp57XtHMAt3BEPjEoZY
2024-07-02,gfNS6p6uq0CaZm3OQmp57XtHMAt32wRNNzQs
2024-07-03,q7c45p6uq09gvF7OQmp57XtHMAt3hCvJ03Ew
2024-07-04,fA1Z6p6uq0NSNd3OQmp57XtHMAt3EF4RmJGY
2024-07-05,xH3B6p6uq0yRkA7OQmp57XtHMAt3dYdYjiBD
2024-07-06,Dyk27p6uq0Qgwg3OQmp57XtHMAt3YBiRxjTH
2024-07-07,qpAX6p6uq0iyPO7OQmp57XtHMAt3Loxw8UAV
2024-07-08,LwgT7p6uq0OzsM7OQmp57XtHMAt3FZH9LbFT
2024-07-09,2Pd08p6uq0I14h0OQmp57XtHMAt3vlC7teHY
2024-07-10,E1bK7p6uq0XJ2F7OQmp57XtHMAt3b7UCgkNI
2024-07-11,qJ633p6uq14TRH3OQmp57XtHMAt3VpP1OEKU
2024-07-12,K6YZ4p6uq11mxX0OQmp57XtHMAt3bATefg53
2024-07-13,EMdv3p6uq1w2cR3OQmp57XtHMAt3TNh2M0Ui
2024-07-14,xlfz5p6uq1yBTt7OQmp57XtHMAt3qWdHHLhN
2024-07-15,CTOw5p6uq1ehqi0OQmp57XtHMAt3p5LnwWpI
2024-07-16,nAWe6p6uq1FCil3OQmp57XtHMAt3ve9Rx67a
2024-07-17,FkRV5p6uq19MPF7OQmp57XtHMAt3eAApwRax
2024-07-18,XaVR5p6uq1RfSB3OQmp57XtHMAt33XWYK78R
2024-07-19,j8i27p6uq1Hrgi0OQmp57XtHMAt39nlEC6XR
2024-07-20,r7kb5p6uq1zrbP3OQmp57XtHMAt3dQWAg0z9
2024-07-21,ki288p6uq1bD240OQmp57XtHMAt3imREDLoL
2024-07-22,6XbL6p6uq1Kgug0OQmp57XtHMAt3EgnIpre9
2024-07-23,YOH07p6uq1OGDY3OQmp57XtHMAt36Rla4D03
2024-07-24,tkZS8p6uq1gn5Y0OQmp57XtHMAt3k0FmPQLz
2024-07-25,PVQM8p6uq1z7Ca0OQmp57XtHMAt31XrFOVkr
2024-07-26,sD9y9p6uq1i5bF0OQmp57XtHMAt3gMooZo2V
2024-07-27,coRD8p6uq1fkwL7OQmp57XtHMAt3odnP877e
2024-07-28,LvDS8p6uq1A5Ej0OQmp57XtHMAt3tSUqr9KD
2024-07-29,VjuQ9p6uq1eonF7OQmp57XtHMAt3Bm1RHAlM
2024-07-30,EXhE9p6uq1tSdW3OQmp57XtHMAt30pbAjXyS
2024-07-31,o5sy7p6uq2AGEn7OQmp57XtHMAt343oHfrJ6
2024-08-01,DKJ06p6uq23qo00OQmp57XtHMAt3Ge6eOVvM
2024-08-02,jMCR6p6uq2CF9B7OQmp57XtHMAt3t7678tTo
2024-08-03,VsRv7p6uq2DK5C3OQmp57XtHMAt3Grbf3D3W
2024-08-04,P3pG7p6uq2iYGR0OQmp57XtHMAt33b2f457f
2024-08-05,Qxk07p6uq2ylLX0OQmp57XtHMAt3KGmSb4oE
2024-08-06,vLnk7p6uq2YKeI0OQmp57XtHMAt33A0UnVnN
2024-08-07,Pjy67p6uq2MJig0OQmp57XtHMAt3jfZYHTd5
2024-08-08,ROBX7p6uq26eBR3OQmp57XtHMAt3pk8MUWy2
2024-08-09,ty4d8p6uq2xpVY3OQmp57XtHMAt3Ah6imY1I
2024-08-10,PBfy9p6uq2sg8k3OQmp57XtHMAt3AvCOKYLp
2024-08-11,v2R29p6uq2jFmV3OQmp57XtHMAt3xAvru0HH
2024-08-12,5ZbS0p6uq3D1Lw0OQmp57XtHMAt3BrFjw5lQ
2024-08-13,j4XH0p6uq3UmOC7OQmp57XtHMAt3IkAVWQPn
2024-08-14,BUJn0p6uq3uCJM0OQmp57XtHMAt3PteSsQ5I
2024-08-15,K47F0p6uq33W6z0OQmp57XtHMAt3UgzniN3g
2024-08-16,juWG1p6uq3Wtcn7OQmp57XtHMAt3GcifQPcb
2024-08-17,RBTc0p6uq3tMTp0OQmp57XtHMAt3z38ecxs8
2024-08-18,8bfT0p6uq3tdb67OQmp57XtHMAt3v6jN0Edp
2024-08-19,7TQ20p6uq3PkOP3OQmp57XtHMAt3TDNcp9d7
2024-08-20,tDzC7p6uq3cXOv3OQmp57XtHMAt3nodMKBVt
2024-08-21,tB6q8p6uq3MgQb0OQmp57XtHMAt3fFCmHbe4
2024-08-22,lY0t8p6uq3O6CJ0OQmp57XtHMAt3DlxjofCR
2024-08-23,o65p8p6uq3a97k7OQmp57XtHMAt3gCuPcsgV
2024-08-24,LWRS9p6uq3f4IO7OQmp57XtHMAt3YKNTEaAq
2024-08-25,ZPus8p6uq3CqiK7OQmp57XtHMAt3O8RWg0uH
2024-08-26,Zx0L0p6uq4pXsH0OQmp57XtHMAt3aEp2EUKt
2024-08-27,GYGX1p6uq4RXXg0OQmp57XtHMAt3xl6PK7g7
2024-08-28,6hUr9p6uq3OAc67OQmp57XtHMAt3A9v37Zrt
2024-08-29,sBde0p6uq4jwkg3OQmp57XtHMAt345j60DF7
2024-08-30,9hjS0p6uq4h97q0OQmp57XtHMAt3jjq7xhvp
2024-08-31,9Ls41p6uq4w1Bd7OQmp57XtHMAt3EZfhgXAo
2024-09-01,Q6m90p6uq4SDKG3OQmp57XtHMAt3ZInKod6c
2024-09-02,umcC1p6uq4osWr0OQmp57XtHMAt3JlMFPUXg
2024-09-03,DayK1p6uq4UGNI7OQmp57XtHMAt3G2vmcvOc
2024-09-04,gDhX2p6uq43ccd0OQmp57XtHMAt3ynJB25o0
2024-09-05,XfPR2p6uq45Urf3OQmp57XtHMAt3TB28DAtP
2024-09-06,082i2p6uq4qMoR3OQmp57XtHMAt3bovv1jgp
2024-09-07,q1Go2p6uq4iyaB3OQmp57XtHMAt3BZhWIveT
2024-09-08,43rd2p6uq4SOqy3OQmp57XtHMAt3EcDNRyMX
2024-09-09,069R0p6uq5Q41N7OQmp57XtHMAt3cACCd2t0
2024-09-10,DXSJ1p6uq5D5050OQmp57XtHMAt3twTgEYPM
2024-09-11,VXE41p6uq5tuZo3OQmp57XtHMAt3A2IrYmLm
2024-09-12,1oTE1p6uq5Qnig0OQmp57XtHMAt3PrWE3US0
2024-09-13,aLf51p6uq51pBI3OQmp57XtHMAt37bPJReVT
2024-09-14,vvJo0p6uq5vY0C0OQmp57XtHMAt36hKDF7O1
2024-09-15,Fo332p6uq5I0UU0OQmp57XtHMAt3vHpEl8CY
2024-09-16,nkGt3p6uq59O7I7OQmp57XtHMAt3J8Lq3VLO
2024-09-17,EjJF0p6uq5EGKQ3OQmp57XtHMAt3Vy9gfKs7
2024-09-18,Jaw22p6uq5lSxl7OQmp57XtHMAt3zXdYbdoW
2024-09-19,RCYQ2p6uq52Sp57OQmp57XtHMAt3EKVeElnW
2024-09-20,bGIH4p6uq5jEh00OQmp57XtHMAt377a1vGNh
2024-09-21,Dg650p6uq5SDbF3OQmp57XtHMAt3pvnpgiH2
2024-09-22,Yrm33p6uq5DzuR0OQmp57XtHMAt3p7ZT9Os0
2024-09-23,08tC4p6uq5p5cu0OQmp57XtHMAt3AfDpPTeh
2024-09-24,qxbA4p6uq5hZBv0OQmp57XtHMAt3oBq56jr9
2024-09-25,Q1oZ4p6uq5cqsc0OQmp57XtHMAt3njSTHO4d
2024-09-26,Pnrd3p6uq5aTQD7OQmp57XtHMAt3cNKFpnLH
2024-09-27,2J9c4p6uq5z2Bm7OQmp57XtHMAt38PsrcyF8
2024-09-28,HdSL5p6uq58atz0OQmp57XtHMAt3KM3pJJRj
2024-09-29,DpF91p6uq6dote3OQmp57XtHMAt3oLaOUHoH
2024-09-30,J8JM0p6uq6qnxt3OQmp57XtHMAt376YelNMk
2024-10-01,eN5n1p6uq6i9rG0OQmp57XtHMAt3UOK6NnJe
2024-10-02,jo0Y2p6uq6GXKl7OQmp57XtHMAt3lW58klRF
2024-10-03,g8rl1p6uq6pvoI3OQmp57XtHMAt3oizWeHgl
2024-10-04,Skec3p6uq69Q0G3OQmp57XtHMAt3PnH6LCD9
2024-10-05,h14n3p6uq67Zvw0OQmp57XtHMAt3dEE13LbL
2024-10-06,p5ng3p6uq6Pwb63OQmp57XtHMAt3hkwb71wW
2024-10-07,QjyQ2p6uq6cN6c3OQmp57XtHMAt3HpGWm4P7
2024-10-08,lwDi2p6uq6gVUR3OQmp57XtHMAt3qmE9DVTo
2024-10-09,EPyE2p6uq6J8Nl7OQmp57XtHMAt3OKJTkHoO
2024-10-10,QRYB4p6uq68MH00OQmp57XtHMAt32d7J8gYW
2024-10-11,9qcw4p6uq6Glyq0OQmp57XtHMAt3qEDvkMmR
2024-10-12,FIyC4p6uq6vdWk0OQmp57XtHMAt3LFqL57EL
2024-10-13,Fa991p6uq9QSkv3OQmp57XtHMAt3ktkxiaHG
2024-10-14,ieg95p6uq6t9K43OQmp57XtHMAt3KQIr9suq
2024-10-15,CQ096p6uq6IVcx0OQmp57XtHMAt33Pcdvybm
2024-10-16,oiHb5p6uq6dQL30OQmp57XtHMAt3Qsg3C1aA
2024-10-17,tEsx5p6uq6zVcQ3OQmp57XtHMAt3x2cP7ACI
2024-10-18,3tlR5p6uq6Z0jg7OQmp57XtHMAt3HzPNVy6z
2024-10-19,i04n4p6uq1DdXV7OQmp57XtHMAt47rGyxVtw
2024-10-20,ZKiV0p6uq0UBIC7OQmp57XtHMAt4Rny68VJF
2024-10-21,yrly0p6uq0yqJP3OQmp57XtHMAt4Ie20avte
2024-10-22,sKtO0p6uq0w7j17OQmp57XtHMAt4H5iENsb1
2024-10-23,COZM9p6uq9n1uJ7OQmp57XtHMAt3Y4PDwweH
2024-10-24,Jr2g0p6uq0yXfv3OQmp57XtHMAt4XwGn9tax
2024-10-25,OHGs9p6uq9d4B47OQmp57XtHMAt3lIYDnL08
2024-10-26,xHS79p6uq9juBV3OQmp57XtHMAt3QGnpYunA
2024-10-27,XC6d0p6uq0gjgp7OQmp57XtHMAt441AxWF6S
2024-10-28,ytcm9p6uq9JXRn7OQmp57XtHMAt3SwacZ2jg
2024-10-29,SBW92p6uq047Om0OQmp57XtHMAt4c6xNWATS
2024-10-30,VJ3y2p6uq0S4yM3OQmp57XtHMAt4hNFt09mh
2024-10-31,Xntt2p6uq0LiUB0OQmp57XtHMAt4UlGIyvOP
2024-11-01,zcvi2p6uq004yt3OQmp57XtHMAt4P9QFamrH
2024-11-02,VA182p6uq0IJkD7OQmp57XtHMAt4JKJTmPRC
2024-11-03,N0jf3p6uq0sJA53OQmp57XtHMAt4V878Xn0B
2024-11-04,SX8J3p6uq06RNg0OQmp57XtHMAt4G1n1tQQ2
2024-11-05,KBzr3p6uq0WyWl0OQmp57XtHMAt47RXJJoSU
2024-11-06,9QSF3p6uq00a9l3OQmp57XtHMAt4U5Akz2NP
2024-11-07,GHxw4p6uq09kwA3OQmp57XtHMAt40MI9Nmta
2024-11-08,iGrU1p6uq2DY8t0OQmp57XtHMAt4YsKrTeSn
2024-11-09,RZXo2p6uq2Afs07OQmp57XtHMAt4UZiJSQxG
2024-11-10,gP2O1p6uq2zYl27OQmp57XtHMAt44HhsVbhe
2024-11-11,bnnA4p6uq2QvLi0OQmp57XtHMAt4DE9odQdR
2024-11-12,Jlq14p6uq2RExb0OQmp57XtHMAt4aro0avNv
2024-11-13,CD7B6p6uq2v9mf0OQmp57XtHMAt4o4HquVA8
2024-11-14,LaWB3p6uq2OCzJ0OQmp57XtHMAt425FRqHea
2024-11-15,50gq6p6uq2NDJL0OQmp57XtHMAt4B4wquYlc
2024-11-16,EsB73p6uq22jl80OQmp57XtHMAt4qJEDYcC1
2024-11-17,68dX4p6uq2ikiS0OQmp57XtHMAt4goGawFvW
2024-11-18,Gz5x5p6uq2SN1L0OQmp57XtHMAt4SamuTEz2
2024-11-19,2HX24p6uq28ZbQ3OQmp57XtHMAt4iHiYJK03
2024-11-20,Gbtm3p6uq2qsKi3OQmp57XtHMAt4QLFv4OT8
2024-11-21,jHBv5p6uq2AsJx7OQmp57XtHMAt4qpcgWIvk
2024-11-22,E2mt8p6uq2Uai70OQmp57XtHMAt4zp4vjwsY
2024-11-23,hvOk6p6uq2ceDA3OQmp57XtHMAt4ec44yqM5
2024-11-24,wSsy7p6uq2CjST0OQmp57XtHMAt4Pw2jETw4
2024-11-25,3uL66p6uq2uH5u7OQmp57XtHMAt4RdC2Hx4s
2024-11-26,iG6W5p6uq2X4Iz3OQmp57XtHMAt4AlgE6T6i
2024-11-27,8dh95p6uq2k7V03OQmp57XtHMAt4XIadrV2g
2024-11-28,8VHX6p6uq3Yiw83OQmp57XtHMAt4xYaZrVLL
2024-11-29,znEK6p6uq3elh10OQmp57XtHMAt4E1LRL6H6
2024-11-30,xQNg7p6uq3JUrS0OQmp57XtHMAt4UfLPqw5S
2024-12-01,vFGR6p6uq3IyBM0OQmp57XtHMAt4oAQwPVfv
2024-12-02,nSzO8p6uq39Mh97OQmp57XtHMAt4pveib2J2
2024-12-03,JFya9p6uq3TrI50OQmp57XtHMAt4YJ6cT8x4
2024-12-04,yduZ6p6uq343a57OQmp57XtHMAt4zPU7IDqF
2024-12-05,Xnbj7p6uq3k8FC0OQmp57XtHMAt4Fp1rUPwT
2024-12-06,iSFX6p6uq3AiEy0OQmp57XtHMAt4UMQ1LpW5
2024-12-07,Ct0Z5p6uq3NTcG7OQmp57XtHMAt4UNKPWjkX
2024-12-08,1hN49p6uq3IBsL0OQmp57XtHMAt4rAO7QasW
2024-12-09,vYj49p6uq3ZqPt0OQmp57XtHMAt4z2X2lAe4
2024-12-10,qAa09p6uq3MI7b0OQmp57XtHMAt4HTDE5viu
2024-12-11,3h718p6uq3MATU7OQmp57XtHMAt4oBZnu9o9
2024-12-12,EpDC0p6uq4F0hj0OQmp57XtHMAt42eu58f7U
2024-12-13,vYNT9p6uq3LDel7OQmp57XtHMAt4D3EZz0yR
2024-12-14,8XU39p6uq3ERnJ7OQmp57XtHMAt4Eic9dXzx
2024-12-15,WzT79p6uq36j0J3OQmp57XtHMAt4xchCZtr7
2024-12-16,3Uht0p6uq4eb1W7OQmp57XtHMAt44TEw0Cbl
2024-12-17,MSq51p6uq4ExdK3OQmp57XtHMAt4TwSkR9Ag
2024-12-18,ur9O9p6uq4GuaX0OQmp57XtHMAt4lS4xJaUC
2024-12-19,uD4h1p6uq5u8E80OQmp57XtHMAt4a6JqMcQt
2024-12-20,w5Vv2p6uq5v19E7OQmp57XtHMAt4D6d9MXNO
2024-12-21,ZRVt9p6uq4GmpR7OQmp57XtHMAt4BjgicuIA
2024-12-22,cq220p6uq5ip3o3OQmp57XtHMAt4Sk42Iq5T
2024-12-23,N0Jd0p6uq5PKMG3OQmp57XtHMAt4Qv6qfgsd
2024-12-24,w0Xy2p6uq5ztMV3OQmp57XtHMAt4N28lVqWq
2024-12-25,Kl5z0p6uq5AwMh3OQmp57XtHMAt4z8iJoTNZ
2024-12-26,78rh0p6uq5TFeU3OQmp57XtHMAt43a3xSbGT
2024-12-27,gtjV1p6uq5Gz7U0OQmp57XtHMAt4wBLEb2eF
2024-12-28,YaGo1p6uq5slbc3OQmp57XtHMAt4lzyeigH1
2024-12-29,GJK72p6uq5r0Dl3OQmp57XtHMAt4rBtvGnH3
2024-12-30,sER53p6uq5LJxY0OQmp57XtHMAt44ArMS6bN
2024-12-31,movw3p6uq5Nycr0OQmp57XtHMAt4QU556D1S
2025-01-01,eNhL3p6uq5eDi30OQmp57XtHMAt4Rz4gvMLs
2025-01-02,81Xo4p6uq5Itg53OQmp57XtHMAt44RstLrwA
2025-01-03,IAT23p6uq5WY1F3OQmp57XtHMAt4rZQ40FRL
2025-01-04,bCXR3p6uq51Vos0OQmp57XtHMAt4DFOogQA1
2025-01-05,wfP03p6uq55M6H0OQmp57XtHMAt4SWZoXzeI
2025-01-06,SMdY5p6uq5kRe40OQmp57XtHMAt42uASmZm7
2025-01-07,zZR33p6uq6azSQ3OQmp57XtHMAt44zwpcj9D
2025-01-08,EsvH1p6uq6u3QO0OQmp57XtHMAt4uRyMwbr8
2025-01-09,SEey2p6uq6ZV213OQmp57XtHMAt4E0JSkaoW
2025-01-10,wNIv3p6uq64v8S7OQmp57XtHMAt4kcROf9VG
2025-01-11,YlUX3p6uq6GHYC3OQmp57XtHMAt4qsqyNKjx
2025-01-12,mi6c3p6uq6DTs00OQmp57XtHMAt4SHOoKSSz
2025-01-13,yx9t2p6uq6VR4X7OQmp57XtHMAt43gaS2Ock
2025-01-14,UlIs4p6uq6YDUY0OQmp57XtHMAt4MxigBOkM
2025-01-15,hG8e6p6uq6cnvx0OQmp57XtHMAt4tEKPxAEz
2025-01-16,6ZVw5p6uq6DqRS7OQmp57XtHMAt4oeykj5h3
2025-01-17,OzsG5p6uq61SBn3OQmp57XtHMAt4rpt4bwuY
2025-01-18,Kpdk3p6uq6wDB87OQmp57XtHMAt4SBGfWFgs
2025-01-19,RrS55p6uq6XgFX7OQmp57XtHMAt4gZEhtqsN
2025-01-20,mvU65p6uq6bZPh0OQmp57XtHMAt4DM9eR84k
2025-01-21,BYDF6p6uq669dU0OQmp57XtHMAt4TtZLRRaq
2025-01-22,5wpC6p6uq6Wt6i0OQmp57XtHMAt4y0iZMGHL
2025-01-23,P7485p6uq6u3Dj7OQmp57XtHMAt4JGP332KG
2025-01-24,wcdh6p6uq6FWAt3OQmp57XtHMAt4mIUDYHNG
2025-01-25,7W5l7p6uq6PJyB3OQmp57XtHMAt49UdFxjaJ
2025-01-26,Pk3q7p6uq6kYHY0OQmp57XtHMAt4Y7NeRTZc
2025-01-27,uXNi2p6uq7rFao3OQmp57XtHMAt48JYJq4tG
2025-01-28,bTMn4p6uq7YzoJ7OQmp57XtHMAt4uvomSkpl
2025-01-29,y6wL5p6uq7KD0i0OQmp57XtHMAt4wSYMkOav
2025-01-30,pAm26p6uq7as4J0OQmp57XtHMAt4EmvMQ6VN
2025-01-31,XjY88p6uq7KFY63OQmp57XtHMAt4Xf8G7SeQ
2025-02-01,l99r8p6uq7Q2ih0OQmp57XtHMAt42w6jPSEY
2025-02-02,kdfv6p6uq7LxaS3OQmp57XtHMAt40Z8vwwqC
2025-02-03,ovMO5p6uq7T8Jc3OQmp57XtHMAt4LipLfEV5
2025-02-04,g1FV5p6uq7CC8m0OQmp57XtHMAt4JGp0KozZ
2025-02-05,lz8J6p6uq7rDLs3OQmp57XtHMAt4m4go8PSn
2025-02-06,COUh5p6uq7SWlC0OQmp57XtHMAt4SDjGyIYD
2025-02-07,gdtf7p6uq78bDJ0OQmp57XtHMAt4ifKF7jR9
2025-02-08,qp7q7p6uq7TmIo0OQmp57XtHMAt4rjKO1WGb
2025-02-09,qsFB7p6uq7lqbq7OQmp57XtHMAt4HgMUvvrp
2025-02-10,BOJX0p6uq8mItA0OQmp57XtHMAt4CwB4Gt3v
2025-02-11,2prO8p6uq7Xy4C7OQmp57XtHMAt4xJOTWFMN
2025-02-12,UKkM8p6uq7dISX0OQmp57XtHMAt4bRVhxKh9
2025-02-13,9DP58p6uq77EEZ7OQmp57XtHMAt4rCfs1qsr
2025-02-14,0uJk9p6uq7QAVr0OQmp57XtHMAt4Pgbn5Mf8
2025-02-15,Ku4V9p6uq7Seej3OQmp57XtHMAt450rXahIB
2025-02-16,jPmw7p6uq8oXfE7OQmp57XtHMAt4wExgve65
2025-02-17,W8gY7p6uq8oGD27OQmp57XtHMAt4ueYMc1i3
2025-02-18,E8aB9p6uq8t6Rh0OQmp57XtHMAt4R802eA5E
2025-02-19,uBGj9p6uq8jAZH0OQmp57XtHMAt45CyxauPu
2025-02-20,alT57p6uq8Vj8f7OQmp57XtHMAt4q7cEFxii
2025-02-21,hlXJ1p6uq9LN7J7OQmp57XtHMAt4cFViN6Hj
2025-02-22,cCeN1p6uq9tgln3OQmp57XtHMAt4MDAwbilg
2025-02-23,RPoX9p6uq8rmSL0OQmp57XtHMAt4QfCVyYbX
2025-02-24,hLpc8p6uq8VzCJ7OQmp57XtHMAt4KZtjfjUC
2025-02-25,7Y909p6uq8q0W00OQmp57XtHMAt4S4ELqvMn
2025-02-26,QLaS0p6uq9lygi0OQmp57XtHMAt4ZF6M5wvh
2025-02-27,Yozv9p6uq8dlZe7OQmp57XtHMAt46zqPDqaZ
2025-02-28,XFJt0p6uq9KBro0OQmp57XtHMAt424zRJbwv
2025-03-01,uRcj1p6uq9bUH80OQmp57XtHMAt4KPROCgbS
2025-03-02,6k1B1p6uq9rD6e3OQmp57XtHMAt4psfOQImK
2025-03-03,D1GO2p6uq9t8Y43OQmp57XtHMAt4RCDRGaS6
2025-03-04,GcFO1p6uq9rNGr7OQmp57XtHMAt4FhZcaPZi
2025-03-05,9uaj1p6uq917IX7OQmp57XtHMAt4iSOxgYNG
2025-03-06,YcSR3p6uq9mXFA0OQmp57XtHMAt4HyJykcpg
2025-03-07,Scdj3p6uq9g3LA0OQmp57XtHMAt4tWeMiwBW
2025-03-08,ANy11p6uq0hJPX3OQmp57XtHMAt55Ujj35Al
2025-03-09,hAbF2p6uq04RKP0OQmp57XtHMAt5vnNVO1lR
2025-03-10,IwFk2p6uq0b9P47OQmp57XtHMAt57LicjuU7
2025-03-11,SBHc4p6uq01aAi7OQmp57XtHMAt5uwXByAhL
2025-03-12,9wNA1p6uq0DpnT3OQmp57XtHMAt5v33arZdc
2025-03-13,c8Vy2p6uq0RZN30OQmp57XtHMAt5PhXtsOr0
2025-03-14,GKjk3p6uq0VbFZ0OQmp57XtHMAt5glYTVcSi
2025-03-15,me7u4p6uq0eq4o3OQmp57XtHMAt5HbR5hy2n
2025-03-16,p8fg1p6uq0icij7OQmp57XtHMAt5MEcbLMf2
2025-03-17,da6j1p6uq0rtiK7OQmp57XtHMAt5aVQYXD5K
2025-03-18,D6fH3p6uq0Tf6B3OQmp57XtHMAt5CGxlhbs9
2025-03-19,E0EB4p6uq05z4D0OQmp57XtHMAt5880BC6EF
2025-03-20,0u044p6uq0L9om0OQmp57XtHMAt5MwEmqXPz
2025-03-21,0ZSj4p6uq0mmZI3OQmp57XtHMAt5eNwuq5G5
2025-03-22,Iog75p6uq0YLpv7OQmp57XtHMAt5J2g4UuSc
2025-03-23,Ed0E5p6uq047ye7OQmp57XtHMAt5tZm4b4QT
2025-03-24,tjtL5p6uq0I3jo7OQmp57XtHMAt5n6SrTywW
2025-03-25,JE7T5p6uq0iHrG7OQmp57XtHMAt5ByTHSuOc
2025-03-26,hqgU6p6uq0dx7M3OQmp57XtHMAt583ruAkC1
2025-03-27,3IlS5p6uq0HOMT0OQmp57XtHMAt5nhPGWnUb
2025-03-28,qg6w4p6uq1gGQh0OQmp57XtHMAt5m9ZGX19Y
2025-03-29,pGux3p6uq1B8t77OQmp57XtHMAt5halCI9lE
2025-03-30,LSXx3p6uq1mN9c0OQmp57XtHMAt5VR1BYPzr
2025-03-31,jEtk3p6uq1ag9W7OQmp57XtHMAt5V2T9PiYI
2025-04-01,7xQr3p6uq146aC7OQmp57XtHMAt53vTrUQH6
2025-04-02,cIS94p6uq1t4qe0OQmp57XtHMAt5rGyzI1Ye
2025-04-03,HSf64p6uq1UWOu0OQmp57XtHMAt5lOq58rtA
2025-04-04,aRyq6p6uq1V6pz0OQmp57XtHMAt5D8szdFFr
2025-04-05,VjVZ4p6uq1oHve0OQmp57XtHMAt5fYWbHAWW
2025-04-06,CxS06p6uq1CPv20OQmp57XtHMAt55TRRkr0x
2025-04-07,DUMr5p6uq1XmR87OQmp57XtHMAt5AUVgVeTL
2025-04-08,l1wm6p6uq1KjYV3OQmp57XtHMAt5C9W6s58E
2025-04-09,9rM35p6uq1JfXi7OQmp57XtHMAt5Y6gsvi2h
2025-04-10,n4ip6p6uq1O1g20OQmp57XtHMAt5Kcc1AjRO
2025-04-11,Qojd6p6uq1Ir9Z3OQmp57XtHMAt59x6lxXpC
2025-04-12,ddl76p6uq1qKDe0OQmp57XtHMAt56FsfcrrJ
2025-04-13,Bgq47p6uq1NXgt3OQmp57XtHMAt5gi3d5jJf
2025-04-14,DpsF6p6uq1ePC57OQmp57XtHMAt57KIXRHre
2025-04-15,X4J47p6uq1Bdz40OQmp57XtHMAt5kAloUcsq
2025-04-16,MCvX7p6uq1oS7l7OQmp57XtHMAt5VY741PkJ
2025-04-17,L7jN5p6uq2lzje7OQmp57XtHMAt5REF9vqmk
2025-04-18,mGlv5p6uq2VZNN0OQmp57XtHMAt5HSsChw83
2025-04-19,I8Mg4p6uq2UGxS7OQmp57XtHMAt5qfX6VCx8
2025-04-20,nG6i5p6uq29Ubd3OQmp57XtHMAt5AqLif1Mu
2025-04-21,q7Ni5p6uq22nqD7OQmp57XtHMAt5hc8P9zq5
2025-04-22,D2KO5p6uq2hblE7OQmp57XtHMAt5iFg1y0wN
2025-04-23,WQrM5p6uq2xUzd7OQmp57XtHMAt59DMkUKBO
2025-04-24,OqF65p6uq25o5W7OQmp57XtHMAt5JCidCnoP
2025-04-25,Wtg86p6uq21e0s0OQmp57XtHMAt51lhkYlPD
2025-04-26,MNhX5p6uq2dlC10OQmp57XtHMAt5rrquRXTQ
2025-04-27,dSuZ0p6uq3cuwc0OQmp57XtHMAt52wO4GPnC
2025-04-28,AKgG7p6uq3E6hH7OQmp57XtHMAt5EqA3rpXh
2025-04-29,SGLp4p6uq3WFfO7OQmp57XtHMAt5wtBG7ueL
2025-04-30,7nwH9p6uq3UFO60OQmp57XtHMAt5H9vCZli7
2025-05-01,DMia3p6uq31Xgt7OQmp57XtHMAt5OGXITgMe
2025-05-02,AvEx9p6uq3HLpa0OQmp57XtHMAt5XuygH95a
2025-05-03,gJpj8p6uq3aSiN0OQmp57XtHMAt51aYXlRHL
2025-05-04,UbHF9p6uq3Eieu0OQmp57XtHMAt5LLGSJ5Nq
2025-05-05,CmRO8p6uq3QMdM0OQmp57XtHMAt5uLngz4Ri
2025-05-06,bguU9p6uq3fLUF0OQmp57XtHMAt5J7PDxD5I
2025-05-07,r4wm7p6uq4PBM60OQmp57XtHMAt5JovNWVaN
2025-05-08,ggWo9p6uq4VOMZ7OQmp57XtHMAt5z6W11Ape
2025-05-09,uBmd8p6uq40yoX0OQmp57XtHMAt5VNYLamMJ
2025-05-10,3Elc9p6uq4z8b63OQmp57XtHMAt5IC8ObQiL
2025-05-11,LQbt8p6uq4LCTU0OQmp57XtHMAt5NaAyKjJR
2025-05-12,2BES9p6uq4wJrq7OQmp57XtHMAt5Ncbk0fZt
2025-05-13,wJZm9p6uq4mDBI3OQmp57XtHMAt5scNxNNtc
2025-05-14,OFUF8p6uq4p47K7OQmp57XtHMAt5zYRR2Ayg
2025-05-15,mhKI8p6uq45jgw0OQmp57XtHMAt5mjA0iXF3
2025-05-16,jkcq8p6uq4qTyM3OQmp57XtHMAt51oEB4VHo
2025-05-17,QcZ99p6uq4NK8B3OQmp57XtHMAt5cRzaLQZq
2025-05-18,Vtuy0p6uq5tP1j3OQmp57XtHMAt5Gcw4BEhS
2025-05-19,mfUs1p6uq56qL50OQmp57XtHMAt5bbhm6KBz
2025-05-20,UeSv1p6uq5ElVO7OQmp57XtHMAt5gq32Pp8d
2025-05-21,daTp0p6uq50grJ3OQmp57XtHMAt5eJoEPbyj
2025-05-22,Yrtq0p6uq5V5B97OQmp57XtHMAt5o9o5njon
2025-05-23,7mHv1p6uq5L2Hg0OQmp57XtHMAt5qdCFQkRH
2025-05-24,gzMQ2p6uq5csJ10OQmp57XtHMAt5K7tPQO9u
2025-05-25,MJDS2p6uq5NeB80OQmp57XtHMAt56Wr64BTL
2025-05-26,2ZB51p6uq5Fi1d7OQmp57XtHMAt5mDapVf3D
2025-05-27,dkvN8p6uq50sVu0OQmp57XtHMAt5WEd26yRy
2025-05-28,yYpz9p6uq51kjc3OQmp57XtHMAt5atB10lHP
2025-05-29,4I379p6uq5aK147OQmp57XtHMAt5k3ell28G
2025-05-30,VoPo0p6uq617RT0OQmp57XtHMAt52TmAeE0M
2025-05-31,tzhI0p6uq6UW9d7OQmp57XtHMAt5VaopAWQ4
2025-06-01,TCDo9p6uq5EZZL0OQmp57XtHMAt5aMtK7ejf
2025-06-02,J9Kh9p6uq5Kmju7OQmp57XtHMAt5w3fmSDnp
2025-06-03,DGTE0p6uq6cCQH0OQmp57XtHMAt5NhwYLPq8
2025-06-04,INf09p6uq5VQaM7OQmp57XtHMAt5TK1MfKKP
2025-06-05,Jt7c1p6uq6KLvF7OQmp57XtHMAt5nklr4DTi
2025-06-06,F9bd1p6uq6RehP7OQmp57XtHMAt5x9M8Q7IK
2025-06-07,bLYw0p6uq66PCI3OQmp57XtHMAt5CbVn3dWm
2025-06-08,jj1x2p6uq6YgVt7OQmp57XtHMAt5rrAdEFCD
2025-06-09,GsUk1p6uq6P66l7OQmp57XtHMAt5IrczpP5j
2025-06-10,aofp9p6uq5oiJy7OQmp57XtHMAt5MLJ6XeEO
2025-06-11,YRWh2p6uq661m93OQmp57XtHMAt55U4K5DO3
2025-06-12,jQr12p6uq6q05w0OQmp57XtHMAt5A24iqQ73
2025-06-13,T9sI3p6uq66aLQ0OQmp57XtHMAt5Tq0JwdPo
2025-06-14,acIk2p6uq6Ylkp0OQmp57XtHMAt59Rnmeoau
2025-06-15,7hxS2p6uq6defF7OQmp57XtHMAt5ezOLifcA
2025-06-16,HVN40p6uq7f4Zr0OQmp57XtHMAt561He86MI
2025-06-17,ehG39p6uq68pXB3OQmp57XtHMAt5vzr9paai
2025-06-18,v1xj1p6uq7FtJU0OQmp57XtHMAt5MiF7t8Qk
2025-06-19,AmOK1p6uq7R2lm3OQmp57XtHMAt5RnEftBeX
2025-06-20,YH8X2p6uq7QlXD0OQmp57XtHMAt53SXLZAyc
2025-06-21,HWQO0p6uq7uxfk0OQmp57XtHMAt53KAimK5M
2025-06-22,MooM1p6uq7K9Ke7OQmp57XtHMAt5YWGpLmUv
2025-06-23,l0Qu0p6uq7eupk0OQmp57XtHMAt5BA0ra4vD
2025-06-24,9UcC0p6uq7bRcU0OQmp57XtHMAt5XT6Ji2Qi
2025-06-25,VQQQ1p6uq7uEXe7OQmp57XtHMAt5udT65485
2025-06-26,0q3X1p6uq7hsVi3OQmp57XtHMAt5u4kePamv
2025-06-27,LcAw3p6uq79lFG3OQmp57XtHMAt5svq0jo7U
2025-06-28,1ssT2p6uq7zmie3OQmp57XtHMAt5XCRChwXy
2025-06-29,cP1b2p6uq7lCC93OQmp57XtHMAt5CtmRiAuS
2025-06-30,MIte3p6uq71Eqx3OQmp57XtHMAt5oOHSHTl7
2025-07-01,3BtT2p6uq7JOUJ7OQmp57XtHMAt582W7GqeG
2025-07-02,ybzl3p6uq7Ph377OQmp57XtHMAt5yhTFFZDt
2025-07-03,nxpe4p6uq7sAZD0OQmp57XtHMAt5caCMdONN
2025-07-04,f2WW4p6uq7xxMX0OQmp57XtHMAt5H3fHvw9O
2025-07-05,KH2M4p6uq7pKow0OQmp57XtHMAt5Xi7tmYNL
2025-07-06,59sE0p6uq8ids87OQmp57XtHMAt5xJN804t7
2025-07-07,zo3n0p6uq8pBJi7OQmp57XtHMAt51FAHSkZm
2025-07-08,6RFi2p6uq8iUxw0OQmp57XtHMAt5We0yu3s2
2025-07-09,1XtH2p6uq8ltKm7OQmp57XtHMAt53Iba5cnI
2025-07-10,cJS81p6uq8UGbj0OQmp57XtHMAt5VBZGnd29
2025-07-11,feJX1p6uq8XcKu3OQmp57XtHMAt5ZES9Aeg1
2025-07-12,OQQp1p6uq85gNT3OQmp57XtHMAt5hZ8luzBT
2025-07-13,LQ6p1p6uq8bmOB3OQmp57XtHMAt5HZbHG5Th
2025-07-14,Ls9b1p6uq8LVum3OQmp57XtHMAt5PA3WLd7b
2025-07-15,H44E2p6uq8VeFv3OQmp57XtHMAt56XjupHB1
2025-07-16,EIOh3p6uq8NggM0OQmp57XtHMAt5AsbiwmRt
2025-07-17,lAfr3p6uq85T080OQmp57XtHMAt5wsQfTymd
2025-07-18,5XeI4p6uq8PzEs0OQmp57XtHMAt5qOCB7T7k
2025-07-19,M5JR4p6uq8PKFT0OQmp57XtHMAt5F9wXsgQs
2025-07-20,Qrbc4p6uq87AVR0OQmp57XtHMAt5T1AUgjwr
2025-07-21,o1cW4p6uq83ak00OQmp57XtHMAt5hl8P2Qfi
2025-07-22,JH6N3p6uq8SOFS7OQmp57XtHMAt532KdU38C
2025-07-23,mgY64p6uq8KxFm0OQmp57XtHMAt5tOnuoJkv
2025-07-24,fvOO4p6uq8MITE7OQmp57XtHMAt5iIQgfgss
2025-07-25,2yXc5p6uq8xzRb0OQmp57XtHMAt5wH5bp4zQ
2025-07-26,W0cy1p6uq9ADHU0OQmp57XtHMAt5X6cgEwm4
2025-07-27,EMNa1p6uq9iJIn3OQmp57XtHMAt5zi5puaxT
2025-07-28,3CHL2p6uq9Q9CZ3OQmp57XtHMAt5wz96Rr6v
2025-07-29,hHPp2p6uq9IkdZ0OQmp57XtHMAt5BzJJbuH6
2025-07-30,sGVH2p6uq9uzjf0OQmp57XtHMAt5jdyXOIql
2025-07-31,t4xO2p6uq9tF390OQmp57XtHMAt5r4sLOzew
2025-08-01,yGo62p6uq95K2M3OQmp57XtHMAt5JJgopZ3t
2025-08-02,cH8S2p6uq9GVkj0OQmp57XtHMAt5uiYxeatr
2025-08-03,jRDi3p6uq94Kn83OQmp57XtHMAt5U0ds8zf2
2025-08-04,QURp4p6uq9uVKi3OQmp57XtHMAt5iw1NFTU1
2025-08-05,prlq3p6uq9bbO70OQmp57XtHMAt5M3GVp2jd
2025-08-06,feTy3p6uq9zX8I0OQmp57XtHMAt5SvDVse9W
2025-08-07,NJg24p6uq9vZ3O7OQmp57XtHMAt5s2yCIOuR
2025-08-08,gIdT4p6uq9syYI0OQmp57XtHMAt5oxdQ6dsS
2025-08-09,E12h4p6uq9IYL33OQmp57XtHMAt5Jlcr9WYa
2025-08-10,S5Cf5p6uq9e5lz0OQmp57XtHMAt54PAkr9Cb
2025-08-11,twV65p6uq93A7z3OQmp57XtHMAt5elm72nG7
2025-08-12,jDk35p6uq9SsLX7OQmp57XtHMAt5ZKQMoce2
2025-08-13,XdbL5p6uq9sNTS0OQmp57XtHMAt5hbwsckoE
2025-08-14,z3g14p6uq957RJ3OQmp57XtHMAt5cLXEUSgS
2025-08-15,kiRh3p6uq0sFT10OQmp57XtHMAt6fN4ooRbx
2025-08-16,Bj0W4p6uq02Xux0OQmp57XtHMAt6GwSMKhqV
2025-08-17,VAcC3p6uq0QWwh3OQmp57XtHMAt6BJhHv2x9
2025-08-18,fusY3p6uq0VUQT0OQmp57XtHMAt6m8q25Zui
2025-08-19,aiDB3p6uq0FCTc0OQmp57XtHMAt6bezRWIg8
2025-08-20,IJUQ4p6uq0VZKM0OQmp57XtHMAt6Q6wogSxN
2025-08-21,7VcU5p6uq02ZK57OQmp57XtHMAt69B4TwWVI
2025-08-22,5WeJ3p6uq0Faa37OQmp57XtHMAt6CAmmGlkp
2025-08-23,Zu4T4p6uq0LOzc0OQmp57XtHMAt6hije0yDa
2025-08-24,GwxQ4p6uq0tQBt7OQmp57XtHMAt6ig1IB5Oa
2025-08-25,9xiW5p6uq0EGZk7OQmp57XtHMAt6Zi69snbH
2025-08-26,kGQU5p6uq0Ku7y7OQmp57XtHMAt6PZcLo044
2025-08-27,FdPg6p6uq0a3rV0OQmp57XtHMAt6kTmNEKvs
2025-08-28,rXNh5p6uq0VHrR7OQmp57XtHMAt6Mwz6Yrkk
2025-08-29,819T6p6uq0OvLv3OQmp57XtHMAt6FN8Aqa2d
2025-08-30,E68A7p6uq0CXRg0OQmp57XtHMAt6axnJ2s3q
2025-08-31,ugvQ8p6uq0jZNs3OQmp57XtHMAt6P3ca5Erc
2025-09-01,HKgd6p6uq0eD4q7OQmp57XtHMAt6oxUDcjS3
2025-09-02,m0FE8p6uq0ReUs0OQmp57XtHMAt6HPChtkfh
2025-09-03,210l8p6uq0sNLC3OQmp57XtHMAt6zTiDOEL0
2025-09-04,kwb66p6uq1nChf0OQmp57XtHMAt6QrQQqMg8
2025-09-05,db8M7p6uq1IaWY0OQmp57XtHMAt6sYYiBaRn
2025-09-06,orv55p6uq1BCi67OQmp57XtHMAt61eE0bS71
2025-09-07,uaCr6p6uq1OodJ0OQmp57XtHMAt6UVNEDwHX
2025-09-08,g69n6p6uq1r3Rp0OQmp57XtHMAt6vJyRR77h
2025-09-09,mkIr7p6uq1cidF0OQmp57XtHMAt6gQK6EEGC
2025-09-10,tNVA6p6uq1sRr30OQmp57XtHMAt6gPVepz3C
2025-09-11,Wwka6p6uq1XEHU0OQmp57XtHMAt6CtQsNDSd
2025-09-12,FM5W6p6uq17nPm3OQmp57XtHMAt67MjAII6W
2025-09-13,vY9l8p6uq1npsI7OQmp57XtHMAt6aBk7zX0X
2025-09-14,BN2E8p6uq1lo7m0OQmp57XtHMAt6wfV6gYIQ
2025-09-15,O8Oq8p6uq1Q9TG3OQmp57XtHMAt68iUBKUvT
2025-09-16,ruGm8p6uq1m95o7OQmp57XtHMAt6CTTIyQxt
2025-09-17,gKqL8p6uq1YqmK7OQmp57XtHMAt6ze1reSYk
2025-09-18,COmq9p6uq1eQlx0OQmp57XtHMAt6E31B8JXF
2025-09-19,UzD89p6uq1VxGo3OQmp57XtHMAt6hDNobDTv
2025-09-20,XAL79p6uq1XSxF3OQmp57XtHMAt6eE7SxQsG
2025-09-21,MOHF9p6uq1om237OQmp57XtHMAt6QeLqLZzy
2025-09-22,XTQp0p6uq2hCn43OQmp57XtHMAt6QW7uWhbq
2025-09-23,psSO0p6uq2fYKH3OQmp57XtHMAt6KI2yOHR3
2025-09-24,JMbw6p6uq2lUA30OQmp57XtHMAt6xPn9Tp72
2025-09-25,Fzl27p6uq2BqDq3OQmp57XtHMAt68wXk6LsI
2025-09-26,7lfg8p6uq2aQeL0OQmp57XtHMAt6fi3ne4jT
2025-09-27,AVv47p6uq2Fll43OQmp57XtHMAt6EnnLwtuY
2025-09-28,eLov8p6uq2yXUF0OQmp57XtHMAt69uch1oFz
2025-09-29,oQ117p6uq2qWcD7OQmp57XtHMAt6cCxhtCs5
2025-09-30,zwx77p6uq2tvzC7OQmp57XtHMAt6NNKUUNdE
2025-10-01,ywBg7p6uq2z7w27OQmp57XtHMAt6Fl7DMfl5
2025-10-02,rJf07p6uq2gQ5Q7OQmp57XtHMAt6CnBo7ur9
2025-10-03,ZKU89p6uq2UDZ80OQmp57XtHMAt6R7LgHNG2
2025-10-04,aT5k0p6uq3WfSb0OQmp57XtHMAt6YnW0ONK1
2025-10-05,PfM70p6uq3CBnl7OQmp57XtHMAt6vJq5mJSq
2025-10-06,ZjLi2p6uq3aYqr0OQmp57XtHMAt6H05KyeEi
2025-10-07,g33J0p6uq3icRi3OQmp57XtHMAt6hcbmtMPr
2025-10-08,aZdG1p6uq3xy793OQmp57XtHMAt66VWyXHU4
2025-10-09,VUC41p6uq3uSL80OQmp57XtHMAt6Q0rFhwjE
2025-10-10,qhZd1p6uq3RbDL0OQmp57XtHMAt6tpEKgo2a
2025-10-11,BrUW0p6uq3NpsR7OQmp57XtHMAt6FKtwev5H
2025-10-12,FKdC0p6uq3XCco3OQmp57XtHMAt6Z5YIH82m
2025-10-13,s5Xy0p6uq3DEnk7OQmp57XtHMAt6vYbOtwpj
2025-10-14,fMZw8p6uq3HmAu7OQmp57XtHMAt6ZOxQpUWY
2025-10-15,9KZ69p6uq3QCV87OQmp57XtHMAt6NB9yZjgI
2025-10-16,V8rb9p6uq3Rism0OQmp57XtHMAt664fvPftW
2025-10-17,88KX9p6uq3SHgx7OQmp57XtHMAt6S5e52P12
2025-10-18,EP3E9p6uq30Fwk0OQmp57XtHMAt6MlUsttr9
2025-10-19,9V6v1p6uq4Zjmm0OQmp57XtHMAt6oHzIpwaj
2025-10-20,RMYG9p6uq37BCo7OQmp57XtHMAt6Ej7aFUhW
2025-10-21,7hzo9p6uq3LoBR3OQmp57XtHMAt6emoePItD
2025-10-22,XHTd9p6uq3d0Xp7OQmp57XtHMAt62A5Yoti8
2025-10-23,ILuG3p6uq4h5Bo0OQmp57XtHMAt6kCBGuQ1o
2025-10-24,DTi62p6uq4Sy4c3OQmp57XtHMAt65bWrg7zF
2025-10-25,EySy1p6uq4pREr7OQmp57XtHMAt6PnHI6WHi
2025-10-26,ap7f4p6uq4mv787OQmp57XtHMAt6nnwFNxfa
2025-10-27,9SLS3p6uq4IeuV0OQmp57XtHMAt6cRuFjC0R
2025-10-28,qmZa2p6uq4cAs70OQmp57XtHMAt6X9nNhpI5
2025-10-29,M1Rn2p6uq460Fu3OQmp57XtHMAt61PZ3FVo5
2025-10-30,e7HJ4p6uq4918p0OQmp57XtHMAt6B7PBWeWu
2025-10-31,JVDP3p6uq4PD363OQmp57XtHMAt6YKWxRCSc
2025-11-01,DOCU2p6uq4ZNB63OQmp57XtHMAt6IKG2aeGf
2025-11-02,zQPa2p6uq4qYwy7OQmp57XtHMAt6T5WG7lzk
2025-11-03,OQen1p6uq5j6VA3OQmp57XtHMAt6gEaGaTq8
2025-11-04,zq1o3p6uq5ntmm7OQmp57XtHMAt6wryShP1X
2025-11-05,myjD2p6uq50jya7OQmp57XtHMAt6iuGCOVgS
2025-11-06,25xO3p6uq52N867OQmp57XtHMAt62SDDGLUZ
2025-11-07,ErRj4p6uq5f72U0OQmp57XtHMAt6BGWSdlvL
2025-11-08,RjBe3p6uq5BwUJ7OQmp57XtHMAt6WqykhPWd
2025-11-09,0A7i0p6uq8MrMQ0OQmp57XtHMAt6JZ73HnjF
2025-11-10,VI5f3p6uq5eIMo7OQmp57XtHMAt6QplIDc3g
2025-11-11,dKrX3p6uq5GtsK7OQmp57XtHMAt6xTLOjnQK
2025-11-12,0ZZi4p6uq5WYMH0OQmp57XtHMAt6M5r2x2PG
2025-11-13,vO4g4p6uq5dAMY7OQmp57XtHMAt6YlkX2rOX
2025-11-14,0Bcn8p6uq5glXE0OQmp57XtHMAt6Y7Ui3qs8
2025-11-15,Ynbu6p6uq5l28d7OQmp57XtHMAt6viZ6uIrl
2025-11-16,uz9M7p6uq5Uch10OQmp57XtHMAt6rMc0xwYN
2025-11-17,7BzI7p6uq5Cmut7OQmp57XtHMAt6tkoMSn1t
2025-11-18,TnJx8p6uq5R0aG0OQmp57XtHMAt6neJADhKG
2025-11-19,aSUh7p6uq59i470OQmp57XtHMAt65Roc46B6
2025-11-20,xfgo9p6uq5UaVF7OQmp57XtHMAt6XbX1u6u6
2025-11-21,tpMV7p6uq50mMT3OQmp57XtHMAt6zYqXHlPl
2025-11-22,SxxK8p6uq5WNUU3OQmp57XtHMAt66KDCk0xE
2025-11-23,SRZK2p6uq9uEdR3OQmp57XtHMAt6QFYMkH9l
2025-11-24,QhtB3p6uq9pDrh3OQmp57XtHMAt6OxCLShDT
2025-11-25,UdhJ1p6uq9piQ57OQmp57XtHMAt69obTh8fh
2025-11-26,fg7t2p6uq9NeHS0OQmp57XtHMAt6zmbQ7sI9
2025-11-27,63IQ2p6uq9TmuP7OQmp57XtHMAt60K4ZYx5s
2025-11-28,MQSO3p6uq9zGAg0OQmp57XtHMAt6r8gxDvbY
2025-11-29,BKsS5p6uq9ecMy3OQmp57XtHMAt6hLfW42GE
2025-11-30,ETL63p6uq90fSb7OQmp57XtHMAt6QUYuvgX0
2025-12-01,Kd0H5p6uq9kYDZ0OQmp57XtHMAt6B1EUpHzr
2025-12-02,glx05p6uq9as4p0OQmp57XtHMAt6i0zUmtT4
2025-12-03,kKuJ9p6uq9wT9D7OQmp57XtHMAt6ah7YCP0R
2025-12-04,DBaZ0p6uq0P7R97OQmp57XtHMAt79Q94LrOR
2025-12-05,yZYc7p6uq0DKXn7OQmp57XtHMAt7JHgikAAz
2025-12-06,I4C39p6uq0id9o0OQmp57XtHMAt7PKU26Pzf
2025-12-07,iq2e9p6uq0Cmxs7OQmp57XtHMAt7xEitIRwV
2025-12-08,YnDX1p6uq19qDX7OQmp57XtHMAt7T7hbPzn5
2025-12-09,GfcD0p6uq1j7Uz3OQmp57XtHMAt7PlS0bN78
2025-12-10,gzj09p6uq0wFc77OQmp57XtHMAt7KzNh1deb
2025-12-11,X0bu2p6uq1Sy1P0OQmp57XtHMAt7TbBP8CKd
2025-12-12,EmnL1p6uq1sjuv7OQmp57XtHMAt77eRrecPG
2025-12-13,uZmd3p6uq2adHA7OQmp57XtHMAt7X7nXTStN
2025-12-14,CEoM4p6uq2hU2s7OQmp57XtHMAt7kdI4UTcc
2025-12-15,M9wr6p6uq2XlOk7OQmp57XtHMAt7zIb1iV6b
2025-12-16,DuCe3p6uq2uXea0OQmp57XtHMAt7VqTlGWjx
2025-12-17,J0nH6p6uq2vnqB3OQmp57XtHMAt7YKQj4WMC
2025-12-18,HSwT3p6uq2JSfn7OQmp57XtHMAt7bcIBVlhF
2025-12-19,DpwX4p6uq2EWcq0OQmp57XtHMAt7LaEuYWuo
2025-12-20,f1RH4p6uq2BP8E7OQmp57XtHMAt7vUJYJD9E
2025-12-21,HsIE4p6uq2nyPo0OQmp57XtHMAt7GQ4mBKFG
2025-12-22,JV7i6p6uq2uUyH0OQmp57XtHMAt74FpcJa0f
2025-12-23,5MT33p6uq2rrri7OQmp57XtHMAt7SSjhXnK1
2025-12-24,G9445p6uq2JTWd7OQmp57XtHMAt7o4dKxjhc
2025-12-25,tpGk6p6uq2qXj37OQmp57XtHMAt7z3tq4Mqt
2025-12-26,roJp7p6uq2aTeE0OQmp57XtHMAt78dGCM3Ch
2025-12-27,AHJb7p6uq24jSd3OQmp57XtHMAt71kGullAQ
2025-12-28,Awfu7p6uq2hgul7OQmp57XtHMAt7sSX7iHol
2025-12-29,ajLb7p6uq2v1o07OQmp57XtHMAt7Z9PbD1I6
2025-12-30,RS8L7p6uq2Zeet3OQmp57XtHMAt7Y7YBCzDz
2025-12-31,L4PL8p6uq2KLk27OQmp57XtHMAt78tFBSPVg
2026-01-01,s1f08p6uq2vfLU7OQmp57XtHMAt7vTQzndwq
2026-01-02,wQQ94p6uq3QD2h7OQmp57XtHMAt7ORdpVvaB
2026-01-03,umyS5p6uq3uCpR7OQmp57XtHMAt7QwsoOEk6
2026-01-04,Xpmh7p6uq3Kq470OQmp57XtHMAt7IzRu3YNh
2026-01-05,j21u6p6uq3N2EW3OQmp57XtHMAt7wWQZnZSR
2026-01-06,PNJO6p6uq3qQZD7OQmp57XtHMAt7oPKfrPHk
2026-01-07,0D356p6uq3aMcE3OQmp57XtHMAt7IGiir6fh
2026-01-08,DGGl6p6uq3t8HE3OQmp57XtHMAt7jw0kqEmS
2026-01-09,gcUC7p6uq36eZD0OQmp57XtHMAt7kLj8w8s3
2026-01-10,slgJ8p6uq3RLqp7OQmp57XtHMAt7RVQKBT21
2026-01-11,EROM8p6uq3wL8s7OQmp57XtHMAt75ATmhLmI
2026-01-12,ZgVd7p6uq3yBfY7OQmp57XtHMAt7XshyZP5s
2026-01-13,pG1Q7p6uq3dv2l0OQmp57XtHMAt75lgGPpkG
2026-01-14,eWBy9p6uq3SgtE0OQmp57XtHMAt75tXREfkO
2026-01-15,AnVP8p6uq356WV7OQmp57XtHMAt7QBeZam98
2026-01-16,Dwxj9p6uq3GUcv3OQmp57XtHMAt7otArS3WR
2026-01-17,iaJp9p6uq3CVmh7OQmp57XtHMAt7WRIFTI5x
2026-01-18,9f1T9p6uq3x9Nc7OQmp57XtHMAt7hNJGAOpD
2026-01-19,yYvm9p6uq3M1cz3OQmp57XtHMAt7RFLXHfF8
2026-01-20,K4Mr0p6uq4ngt50OQmp57XtHMAt7AIMVmFbm
2026-01-21,hOga0p6uq4tDq23OQmp57XtHMAt7Q4n7w3jJ
2026-01-22,I0pT7p6uq4Ndz87OQmp57XtHMAt7RRNw87o2
2026-01-23,tsyC6p6uq4HLjR7OQmp57XtHMAt7qPaNX3lF
2026-01-24,PTk67p6uq4oLxQ3OQmp57XtHMAt7ui4d9VSQ
2026-01-25,qzPY8p6uq4IBuo3OQmp57XtHMAt76ycyo91n
2026-01-26,dfB99p6uq46EqH3OQmp57XtHMAt7cgt6c2y4
2026-01-27,Oqso2p6uq5iRkp3OQmp57XtHMAt7CrPey2tS
2026-01-28,UFiL9p6uq425g03OQmp57XtHMAt7hw6VnBYl
2026-01-29,1LCF0p6uq5vWiB0OQmp57XtHMAt7OHx695cT
2026-01-30,ex1X9p6uq4wykb0OQmp57XtHMAt79j51qS2p
2026-01-31,ROu82p6uq5bj2D7OQmp57XtHMAt7rf0XSSKI
2026-02-01,pDDc2p6uq51qLL3OQmp57XtHMAt76RDigM4q
2026-02-02,XIKC3p6uq5diva0OQmp57XtHMAt7SkMEp5BH
2026-02-03,IofN1p6uq5ULlE7OQmp57XtHMAt7189mMN4m
2026-02-04,biPJ1p6uq58vTs0OQmp57XtHMAt7oqH0zwNC
2026-02-05,rojo1p6uq53hLZ0OQmp57XtHMAt7Ff40yV5S
2026-02-06,hkTL1p6uq5VCam3OQmp57XtHMAt7FABS0hZE
2026-02-07,CSqY1p6uq5ogH53OQmp57XtHMAt7LlhNqBnM
2026-02-08,nTeT1p6uq59yGD0OQmp57XtHMAt7gRls0Yj2
2026-02-09,HgXg9p6uq4ptbM0OQmp57XtHMAt7TdYdfeCn
2026-02-10,Y7sc3p6uq5EVzR3OQmp57XtHMAt7FJqfFx8I
2026-02-11,Pmsl5p6uq6Alu60OQmp57XtHMAt7OiLXMnhN
2026-02-12,NtKo1p6uq6i5Qg3OQmp57XtHMAt7qjwXfC1U
2026-02-13,vo1d5p6uq69aEm0OQmp57XtHMAt7vRgyXaQ5
2026-02-14,qlmj2p6uq6nR090OQmp57XtHMAt7Lcb87Auc
2026-02-15,qFt73p6uq6o43x0OQmp57XtHMAt7m5SJoY5o
2026-02-16,hlpD5p6uq6MAg80OQmp57XtHMAt7ByOY817B
2026-02-17,pXBy3p6uq6rXJj0OQmp57XtHMAt775Y89SOS
2026-02-18,wnaC1p6uq6Ux5Z3OQmp57XtHMAt7VbzLXikA
2026-02-19,ScSh3p6uq6jw1D7OQmp57XtHMAt7neHHP1jR
2026-02-20,31oo3p6uq6SgA43OQmp57XtHMAt7xlPgS7Fy
2026-02-21,Izla4p6uq7gV4i0OQmp57XtHMAt7GV0w5BN1
2026-02-22,za2W2p6uq6WEe43OQmp57XtHMAt79qvhpMuY
2026-02-23,66zm4p6uq6zN3C3OQmp57XtHMAt7po9ZKZsp
2026-02-24,Rnbd5p6uq6ciUI3OQmp57XtHMAt7XWm2VXm1
2026-02-25,c5i97p6uq6FPa90OQmp57XtHMAt73wrVwQ8P
2026-02-26,vr6Z5p6uq6FZkL3OQmp57XtHMAt7sDc0NTph
2026-02-27,FLuK6p6uq6lxDN0OQmp57XtHMAt7ViyGIKS5
2026-02-28,ZoKb6p6uq6YRBj0OQmp57XtHMAt75FF43MOH
2026-03-01,xYXw8p6uq6k7Eh0OQmp57XtHMAt7FaSUJ3Vb
2026-03-02,zhCP8p6uq6pwte0OQmp57XtHMAt7A3qzvSPz
2026-03-03,DEpy5p6uq8zoaV0OQmp57XtHMAt7cSullVtP
2026-03-04,5kmj5p6uq8jQ4T0OQmp57XtHMAt7jfelkSmk
2026-03-05,9lcF2p6uq8Upa30OQmp57XtHMAt7e2qxJ5TI
2026-03-06,wE8R2p6uq8pYIk7OQmp57XtHMAt7hnMXYksp
2026-03-07,U7HS3p6uq80PyV0OQmp57XtHMAt73BfjNSO7
2026-03-08,nwhR3p6uq8XgW73OQmp57XtHMAt7OBHZbfPR
2026-03-09,Viqu2p6uq8YnhZ7OQmp57XtHMAt758Nt3d51
2026-03-10,EJAy2p6uq8kR2i0OQmp57XtHMAt7bstu5JK3
2026-03-11,1VIK3p6uq84DGV0OQmp57XtHMAt7OOUbajL3
2026-03-12,awb25p6uq8JAJv0OQmp57XtHMAt76MO5JTIT
2026-03-13,b2k15p6uq8FDsY7OQmp57XtHMAt7gLGxVNqs
2026-03-14,vp6Z6p6uq8ZZ910OQmp57XtHMAt7R3x8WsHK
2026-03-15,ACEe5p6uq8NrOt0OQmp57XtHMAt7OHjpM18z
2026-03-16,VyOU5p6uq888ud7OQmp57XtHMAt7INTX2ePk
2026-03-17,av8l5p6uq86u1g3OQmp57XtHMAt7o9VVmZT1
2026-03-18,5GrE5p6uq8a44F7OQmp57XtHMAt7Qdx4nMWj
2026-03-19,ASSA6p6uq8GvcN0OQmp57XtHMAt76GdsfV26
2026-03-20,PltB7p6uq8wKIB7OQmp57XtHMAt7oCzbrE7V
2026-03-21,5ESu7p6uq8Duku7OQmp57XtHMAt7PjVuScte
2026-03-22,tE978p6uq8hoRn0OQmp57XtHMAt7l2tPskE3
2026-03-23,bZgO7p6uq9oOCn3OQmp57XtHMAt7CwGR10SD
2026-03-24,KiYo9p6uq9cBPi0OQmp57XtHMAt7TedUObvU
2026-03-25,auyo6p6uq9fZbn0OQmp57XtHMAt7tKmQ4Zjf
2026-03-26,OO8J7p6uq9C49L0OQmp57XtHMAt7622pJvcO
2026-03-27,Wnqq7p6uq9ZTV47OQmp57XtHMAt7AnkfXkJL
2026-03-28,oS5A7p6uq9JubI0OQmp57XtHMAt7ZIiUYY4L
2026-03-29,YeBu7p6uq9Xx4Y7OQmp57XtHMAt70d47QQi9
2026-03-30,Q2b76p6uq9hvMx0OQmp57XtHMAt7SaUesvPW
2026-03-31,0oxt6p6uq9B6xP7OQmp57XtHMAt7QC9s8tVF
2026-04-01,RkJV6p6uq9TaGG3OQmp57XtHMAt70hlpHj90
2026-04-02,aOLs8p6uq986GF3OQmp57XtHMAt7v1tYOnBI
2026-04-03,KIcs9p6uq94YWk0OQmp57XtHMAt7izCOOsRR
2026-04-04,3n5W0p6uq08CHU3OQmp57XtHMAt8CneJZTch
2026-04-05,zS509p6uq9JooN0OQmp57XtHMAt7HapUdqPR
2026-04-06,glxY1p6uq0Sf257OQmp57XtHMAt8USM0g169
2026-04-07,VaZ62p6uq0Z8kZ0OQmp57XtHMAt8V6tRHt6G
2026-04-08,SNtJ0p6uq0uMsq3OQmp57XtHMAt8CTvCVeZl
2026-04-09,Fy6G0p6uq0d3oN0OQmp57XtHMAt0mKVMgMTP
2026-04-10,3hFx0p6uq0qgok3OQmp57XtHMAt8Z1CQt7NB
2026-04-11,fGCx0p6uq0Y2hw7OQmp57XtHMAt8vLJ6OseA
2026-04-12,Tw011p6uq1BYaH0OQmp57XtHMAt8EmMgQmA6
2026-04-13,b1FQ7p6uq0r76Z7OQmp57XtHMAt8lifaxq0W
2026-04-14,h2Wt7p6uq0ugKD7OQmp57XtHMAt8g5qK457u
2026-04-15,nKDf1p6uq1oqmO0OQmp57XtHMAt8bkys9Qut
2026-04-16,KqMz8p6uq07Bfj7OQmp57XtHMAt8maliHIHH
2026-04-17,nowu0p6uq12okN3OQmp57XtHMAt83R5igFSA
2026-04-18,eqXJ0p6uq1NcW63OQmp57XtHMAt8W8BvR68C
2026-04-19,pWkR0p6uq1KKd47OQmp57XtHMAt8QSCURPzw
2026-04-20,RUs71p6uq1h6T70OQmp57XtHMAt8glRoGoSX
2026-04-21,6rfu0p6uq1lr2e3OQmp57XtHMAt8RHwAoxrC
2026-04-22,naBP1p6uq1ocF43OQmp57XtHMAt8CgWUC74G
2026-04-23,atIb0p6uq1bbio3OQmp57XtHMAt8HJDCyGZP
2026-04-24,hqat3p6uq1KHIu7OQmp57XtHMAt8URTymdtD
2026-04-25,oK3S3p6uq1venl7OQmp57XtHMAt8bCy4fmn5
2026-04-26,ekXU6p6uq1vxxj3OQmp57XtHMAt8cHw67vZN
2026-04-27,4set3p6uq1Rkw37OQmp57XtHMAt8BGA3uqwW
2026-04-28,oHsy3p6uq1K3sh0OQmp57XtHMAt8eScAScBw
2026-04-29,xBHK3p6uq1s9XM3OQmp57XtHMAt8zBKgQfby
2026-04-30,8Rvu3p6uq1rVFV7OQmp57XtHMAt8SEKvjQsm
2026-05-01,IJjz6p6uq1P3yI0OQmp57XtHMAt8t8BOclkg
2026-05-02,8UY75p6uq2SLxq3OQmp57XtHMAt8FkVKczux
2026-05-03,UnbL5p6uq2diWX0OQmp57XtHMAt81eivFUyN
2026-05-04,G5Hw2p6uq2POWm7OQmp57XtHMAt87LnEj99q
2026-05-05,8mBj2p6uq2SXVQ3OQmp57XtHMAt8dHGEIPtC
2026-05-06,oqAk3p6uq2atvw0OQmp57XtHMAt81zPl6pGB
2026-05-07,6mA72p6uq2bdeF3OQmp57XtHMAt8lOrAdveg
2026-05-08,fVAR4p6uq27f4L0OQmp57XtHMAt8nHWnL0P7
