date,runhash
2024-06-01,CpaJ0zQKw1uXYn05lP7lGTRu3nZ04X5cX7Kp
2024-06-02,dgpy7zQKw0FM6Z05lP7lGTRu3nZ0TDleE0Lk
2024-06-03,W9Zx8zQKw0xrwx75lP7lGTRu3nZ0UYIgg7zF
2024-06-04,cQEo8zQKw0mrFy35lP7lGTRu3nZ0cOhaHYHC
2024-06-05,3wuh3zQKw9b9mP35lP7lGTRu3nZ0hGG0aro9
2024-06-06,8wu44zQKw9ehDA05lP7lGTRu3nZ0NWETSQfl
2024-06-07,nmAK4zQKw9wkvk35lP7lGTRu3nZ0xYHfYhN5
2024-06-08,xdJj5zQKw9eCGJ35lP7lGTRu3nZ071koHAUy
2024-06-09,hfnJ9zQKw2LVXk35lP7lGTRu3nZ13koIUhn3
2024-06-10,R6Bk0zQKw5JfBZ05lP7lGTRu3nZ13yIioOgt
2024-06-11,EQd92zQKw5NpAL75lP7lGTRu3nZ1S5mhNRIx
2024-06-12,pN8L6zQKw6voSU05lP7lGTRu3nZ12KTR28Sz
2024-06-13,7rIX2zQKw8bUuu75lP7lGTRu3nZ1onDDEKVb
2024-06-14,YTtk8zQKw9YVDF35lP7lGTRu3nZ18RmpymHw
2024-06-15,MVaB0zQKw0eS1p05lP7lGTRu3nZ0TK1gaS91
2024-06-16,MfML6zQKw06dsR05lP7lGTRu3nZ3rJI7iLzF
2024-06-17,XvZt5zQKw2aq6a75lP7lGTRu3nZ24yU8KQ7B
2024-06-18,npjc4zQKw4qR6P35lP7lGTRu3nZ2LLhYV4YY
2024-06-19,m0Tc1zQKw5PZc105lP7lGTRu3nZ2kwLM6wcD
2024-06-20,ODYe4zQKw5B2YW05lP7lGTRu3nZ2omBx8jM2
2024-06-21,UQdy3zQKw6DKDf05lP7lGTRu3nZ2gCdKl6NI
2024-06-22,yq6Q7zQKw7WWTO05lP7lGTRu3nZ2Q4RHkRIt
2024-06-23,PjyF4zQKw8fbfh35lP7lGTRu3nZ2wIZPfI0o
2024-06-24,XmMp0zQKw9jdNe05lP7lGTRu3nZ2UIuh3nZC
2024-06-25,P7AA3zQKw0U0hW05lP7lGTRu3nZ3ppGZKAOz
2024-06-26,6tWR7zQKw0G9Ui05lP7lGTRu3nZ3N3t2fFno
2024-06-27,2FgY2zQKw1liG575lP7lGTRu3nZ3PLUfxkVX
2024-06-28,nPxj0zQKw28P4K05lP7lGTRu3nZ3dHfStEIU
2024-06-29,3jT95zQKw3cmEM05lP7lGTRu3nZ3fEedBhVR
2024-06-30,GWqo5zQKw3Y8PR35lP7lGTRu3nZ3Da2h68ji
2024-07-01,3Tui7zQKw35W2X75lP7lGTRu3nZ3vIjZAxu8
2024-07-02,2PUe9zQKw36XZI05lP7lGTRu3nZ3tVqf9YoY
2024-07-03,OOBO1zQKw5xPZV75lP7lGTRu3nZ3ykOQQBXZ
2024-07-04,XAyC4zQKw5C2Rs05lP7lGTRu3nZ3DIdkGKMD
2024-07-05,VvG47zQKw5DoOD05lP7lGTRu3nZ3c40DMR3p
2024-07-06,TA376zQKw5lWRr75lP7lGTRu3nZ3qIduAbEy
2024-07-07,fDya0zQKw7cbTr75lP7lGTRu3nZ3cuejd604
2024-07-08,Z2bF2zQKw776xR05lP7lGTRu3nZ3q23xHzyN
2024-07-09,TAuf3zQKw75XZI05lP7lGTRu3nZ3oHdX4Ohn
2024-07-10,WyKe5zQKw7hnbj05lP7lGTRu3nZ3pBBeEXiC
2024-07-11,omRE9zQKw83XWO05lP7lGTRu3nZ3vN9Gwho5
2024-07-12,g4KE4zQKw9kiCb35lP7lGTRu3nZ30sF1M3VY
2024-07-13,W7Zc0zQKw0Qoyb05lP7lGTRu3nZ0vn44l0KT
2024-07-14,losk9zQKw2vocg75lP7lGTRu3nZ5QmPGUj3B
2024-07-15,Sxu57zQKw0xLRb75lP7lGTRu3nZ4O4IKVjqX
2024-07-16,5aYY7zQKw1z0eU75lP7lGTRu3nZ47HcKQSv0
2024-07-17,PvH45zQKw2fDUn05lP7lGTRu3nZ4FzLcNQ6y
2024-07-18,iCqw8zQKw2rsxv75lP7lGTRu3nZ4ydTc5wqj
2024-07-19,AVAT7zQKw3E1XH75lP7lGTRu3nZ40OpOvR3d
2024-07-20,hjQS2zQKw4PLVL75lP7lGTRu3nZ4JuEQStrl
2024-07-21,AjPL7zQKw5ADf935lP7lGTRu3nZ4Q7ICVL8h
2024-07-22,d85c7zQKw5lj5W05lP7lGTRu3nZ4fLye12mA
2024-07-23,oYS11zQKw6n21t05lP7lGTRu3nZ4brhDQ3Aj
2024-07-24,Y2915zQKw75ytu35lP7lGTRu3nZ4amRrnAOK
2024-07-25,4nUQ5zQKw7y5T975lP7lGTRu3nZ4QrYZ4fYW
2024-07-26,51Lx8zQKw7JvLw35lP7lGTRu3nZ4IGSEEFnJ
2024-07-27,U7Vw1zQKw6gtrC35lP7lGTRu3nZ5zVheKw11
2024-07-28,g08q3zQKw9GPaG75lP7lGTRu3nZ43x8PjRkd
2024-07-29,AOmB4zQKw0S14Z75lP7lGTRu3nZ5ZC7KRUxm
2024-07-30,Tq6v3zQKw2o7EH35lP7lGTRu3nZ5vfD7pwh8
2024-07-31,Hssh3zQKw2LX8835lP7lGTRu3nZ55cDJUjCX
2024-08-01,lVNQ0zQKw4nKzL75lP7lGTRu3nZ5JPUnLD4q
2024-08-02,KwZY2zQKw4ByXk35lP7lGTRu3nZ5oO5BCYy2
2024-08-03,6Q3y8zQKw5Y8cK05lP7lGTRu3nZ5AIY2M6jk
2024-08-04,Wjb00zQKw6F21y35lP7lGTRu3nZ5jh6fjate
2024-08-05,ipLF0zQKw6D3gn35lP7lGTRu3nZ5FeK6KoB5
2024-08-06,w4Wi8zQKw4uwqS35lP7lGTRu3nZ6ffcjlILT
2024-08-07,JE7l9zQKw759Wv35lP7lGTRu3nZ5lXEEwMm7
2024-08-08,H89o2zQKw8GWtL35lP7lGTRu3nZ5tdRGJ4lt
2024-08-09,8hMn2zQKw8cT6x05lP7lGTRu3nZ5NhXH2TQK
2024-08-10,UVBy1zQKw06ouz35lP7lGTRu3nZ6KgNginje
2024-08-11,goRo5zQKw0xfcj05lP7lGTRu3nZ656Mg9RvO
2024-08-12,6xQt4zQKw25n8R75lP7lGTRu3nZ6kMKXgjnz
2024-08-13,MSjb8zQKw3hB7I05lP7lGTRu3nZ683cFn0yL
2024-08-14,IQ0j8zQKw3Ycto05lP7lGTRu3nZ6n2sQILnX
2024-08-15,h9on1zQKw4YNOF35lP7lGTRu3nZ6M0aQ5FbG
2024-08-16,cM898zQKw5lmbX05lP7lGTRu3nZ6AW0DlNsG
2024-08-17,OKom4zQKw2cSYE75lP7lGTRu3nZ7IivI8KLu
2024-08-18,P34Z9zQKw6L9Kl75lP7lGTRu3nZ6SRL4S6Et
2024-08-19,9vVE4zQKw7XVM175lP7lGTRu3nZ68uxaAMKk
2024-08-20,25Yo0zQKw97bGq75lP7lGTRu3nZ6pRhjcBIT
2024-08-21,AyjQ7zQKw9rRik35lP7lGTRu3nZ6TR66MhJl
2024-08-22,WMHs9zQKw0wnVo05lP7lGTRu3nZ7DfAYdEd0
2024-08-23,JAZY0zQKw5AjFz05lP7lGTRu3nZ7yL0kqqjF
2024-08-24,s8ZH3zQKw2MBle35lP7lGTRu3nZ70lvJIXy1
2024-08-25,T9rG7zQKw3Cwvk05lP7lGTRu3nZ7QJWbY3wx
2024-08-26,374t0zQKw4fWjD05lP7lGTRu3nZ7II8A04NN
2024-08-27,YHUj1zQKw4rA8Q05lP7lGTRu3nZ7dpS8besv
2024-08-28,BPwT5zQKw5t3j805lP7lGTRu3nZ7dx1LQuxC
2024-08-29,4T9e7zQKw5QsGO05lP7lGTRu3nZ7mDjkHqw9
2024-08-30,fCUG7zQKw5UX1P05lP7lGTRu3nZ7MV7epSds
2024-08-31,vBSG5zQKw7ba9s05lP7lGTRu3nZ7r1gXpZMu
2024-09-01,7Z704zQKw8lkO835lP7lGTRu3nZ713QAcOnd
2024-09-02,g1N51zQKw9D53O05lP7lGTRu3nZ7o1MUA5un
2024-09-03,uTo04zQKw9KdZ435lP7lGTRu3nZ72NpKQAow
2024-09-04,ge0Y9zQKw9k9Gi35lP7lGTRu3nZ7hcplSVDw
2024-09-05,ZjC40zQKw0yajt75lP7lGTRu3nZ8kEEB33xw
2024-09-06,LeCl3zQKw1HZhx05lP7lGTRu3nZ8mjev6RpO
2024-09-07,CsAw4zQKw1uAGo75lP7lGTRu3nZ8Zu1QZdOG
2024-09-08,C3mh5zQKw1Ds6935lP7lGTRu3nZ8f2bpefYs
2024-09-09,RAIE5zQKw2Cm5J75lP7lGTRu3nZ8EuErCkvc
2024-09-10,eUer0zQKw3WOpS05lP7lGTRu3nZ8ZOAbJSBz
2024-09-11,EQIH2zQKw3NyXu75lP7lGTRu3nZ8bh8ZcMS0
2024-09-12,FZbU3zQKw4hmu305lP7lGTRu3nZ8hqSjmnOL
2024-09-13,Beze2zQKw4qzSa75lP7lGTRu3nZ853Xx8NBm
2024-09-14,OtYG9zQKw46BNb05lP7lGTRu3nZ86UjDRxX1
2024-09-15,Lue31zQKw6hliA75lP7lGTRu3nZ8EYwQGPRF
2024-09-16,D16t1zQKw6B3Ig05lP7lGTRu3nZ86dWZZsVQ
2024-09-17,yOsV6zQKw62HTH35lP7lGTRu3nZ8suU671Zq
2024-09-18,1YPf2zQKw7PNwF05lP7lGTRu3nZ8f6YZkplg
2024-09-19,AC328zQKw7BuIh05lP7lGTRu3nZ80Gu2KXcE
2024-09-20,tdmQ5zQKw8S2Bb05lP7lGTRu3nZ8QmZ5gDJw
2024-09-21,pWwn9zQKw83Tgm35lP7lGTRu3nZ8uaDVfC1F
2024-09-22,R48f9zQKw8pqsv75lP7lGTRu3nZ8msQBl5Ix
2024-09-23,2ZXj7zQKw0NGYq35lP7lGTRu3nZ9fsJ8o2sj
2024-09-24,g3xP0zQKw1rxpS75lP7lGTRu3nZ9T9nEnCBN
2024-09-25,SZWQ9zQKw0Csh705lP7lGTRu3nZ9vHy9hWC3
2024-09-26,GIMW1zQKw1QbTA35lP7lGTRu3nZ9N4n4I2eH
2024-09-27,oHoZ4zQKw2ldxM35lP7lGTRu3nZ98NfL6rrd
2024-09-28,kEWp6zQKw24aRk05lP7lGTRu3nZ9YkR9eR4Q
2024-09-29,MQPP0zQKw3OMQx35lP7lGTRu3nZ9OOHFpi2p
2024-09-30,kFvU3zQKw32as435lP7lGTRu3nZ9Yd0emeBh
2024-10-01,Eph36zQKw4G2pz05lP7lGTRu3nZ9q0sVurqb
2024-10-02,1k4g9zQKw4KgDY05lP7lGTRu3nZ9bZGZL4ai
2024-10-03,9Tp35zQKw5wuCA05lP7lGTRu3nZ9bauNqhaF
2024-10-04,tFkP0zQKw6gOtE75lP7lGTRu3nZ9FSCalQgD
2024-10-05,nQas9zQKw8fcJ735lP7lGTRu3nZ9AQQyWs9x
2024-10-06,9kgu7zQKw6sXfN05lP7lGTRu3nZ99cKwdDgu
2024-10-07,pEQO8zQKw7qGbN75lP7lGTRu3nZ964XLH2FI
2024-10-08,nISi2zQKw8pOZ435lP7lGTRu3nZ9WtQDCuDT
2024-10-09,7co56zQKw8dgbx05lP7lGTRu3nZ9vm50r3W1
2024-10-10,EssU7zQKw9VAPd35lP7lGTRu3nZ9ytqqZDdF
2024-10-11,4jGG5zQKw0T2t305lP7lGTRu3nZ08sEfmEGV
2024-10-12,tIuE0zQKw48wX605lP7lGTRu3nZ0V6cZXr6a
2024-10-13,Vx3U4zQKw1kj2y35lP7lGTRu3nZ0dLpnuSME
2024-10-14,1EcP4zQKw2WSM975lP7lGTRu3nZ0ExDnieze
2024-10-15,1Itb5zQKw2FbdH05lP7lGTRu3nZ0TPHu8JXq
2024-10-16,0JPJ1zQKw3s4ws35lP7lGTRu3nZ00TpJlZKo
2024-10-17,bSoP0zQKw4Pqly75lP7lGTRu3nZ06RppqHxh
2024-10-18,lgBW3zQKw6NGsm05lP7lGTRu3nZ0MrUwRYiP
2024-10-19,DNet7zQKw5vKCB05lP7lGTRu3nZ0DOR8pqN0
2024-10-20,jTOd7zQKw6p61V05lP7lGTRu3nZ0PTM4I3tr
2024-10-21,ORAM4zQKw7dRR375lP7lGTRu3nZ0qGqs964Y
2024-10-22,hrGg4zQKw81LUa05lP7lGTRu3nZ0NoKAolir
2024-10-23,gUOt1zQKw9vDvm35lP7lGTRu3nZ0lYYRO63R
2024-10-24,WCID4zQKw9qJ2V75lP7lGTRu3nZ0CQ8R7Sjo
2024-10-25,YX5N1zQKw0n13p75lP7lGTRu3nZ1seWwEmM9
2024-10-26,bNRw0zQKw16IPt05lP7lGTRu3nZ1v9DukI7R
2024-10-27,QOj72zQKw1pv1N05lP7lGTRu3nZ18pPFF4Fm
2024-10-28,hNTI3zQKw2hoAU05lP7lGTRu3nZ1uMfesp21
2024-10-29,545u7zQKw2ZVfJ75lP7lGTRu3nZ1xPIf5aIa
2024-10-30,oCeS9zQKw20IAj35lP7lGTRu3nZ1BwRdDpgk
2024-10-31,hH0o0zQKw3T5nb05lP7lGTRu3nZ1FXe80OZD
2024-11-01,WOzc0zQKw41d4k35lP7lGTRu3nZ1wgsRHnd0
2024-11-02,6JNn4zQKw4TMxT05lP7lGTRu3nZ1vt1hA2oQ
2024-11-03,r5LM7zQKw4e6mm05lP7lGTRu3nZ1UvFZ15VM
2024-11-04,MO238zQKw4k0jz75lP7lGTRu3nZ1pSA3so2z
2024-11-05,GEK70zQKw6LSgv05lP7lGTRu3nZ1Q8ao2yFz
2024-11-06,s4oo7zQKw6SvOW35lP7lGTRu3nZ1MOiq6PTS
2024-11-07,7SVn9zQKw6JecN75lP7lGTRu3nZ1Y7LIqYpa
2024-11-08,s50J5zQKw73H9K75lP7lGTRu3nZ1wIfMj29q
2024-11-09,o4os3zQKw8jeqc75lP7lGTRu3nZ1jf9ctbGZ
2024-11-10,NIE18zQKw8tlBn05lP7lGTRu3nZ1YSog6vG3
2024-11-11,sn2X2zQKw0CWdo05lP7lGTRu3nZ25t3SMXVI
2024-11-12,4Vme1zQKw0yKpV75lP7lGTRu3nZ2tIe83Cef
2024-11-13,oRJU6zQKw1DFyY05lP7lGTRu3nZ2mYR8HyTE
2024-11-14,qpkm5zQKw1vMTL75lP7lGTRu3nZ25LKetc60
2024-11-15,qZVP8zQKw1ZubI05lP7lGTRu3nZ3a6kJiw4A
2024-11-16,tf5u3zQKw35fC705lP7lGTRu3nZ25Mbg307R
2024-11-17,DWGH4zQKw3UZvq75lP7lGTRu3nZ2abmg34Ul
2024-11-18,6RMy1zQKw4lVBi35lP7lGTRu3nZ2y0sg1upf
2024-11-19,LPNL3zQKw6doWM05lP7lGTRu3nZ2rbjuzsC9
2024-11-20,HMKk8zQKw6zrZd05lP7lGTRu3nZ2UpetoDJ8
2024-11-21,VzdS9zQKw9mG8q35lP7lGTRu3nZ2hCzzx61d
2024-11-22,eDZJ0zQKw8T1Vv35lP7lGTRu3nZ2YrHFBWnF
2024-11-23,Xa3e8zQKw9BOqC35lP7lGTRu3nZ23Lstuqtc
2024-11-24,0SNj3zQKw0jgYf35lP7lGTRu3nZ3Mv58sIgT
2024-11-25,ktpv5zQKw1GPUv75lP7lGTRu3nZ3iR5PPp05
2024-11-26,CBxN9zQKw1yiiU05lP7lGTRu3nZ3fniszCIv
2024-11-27,jWdF3zQKw241rU05lP7lGTRu3nZ312DhoxKQ
2024-11-28,eu022zQKw3EUl175lP7lGTRu3nZ3a3QCY9LW
2024-11-29,6R2R6zQKw3sdam05lP7lGTRu3nZ35yUUlOuQ
2024-11-30,oDq39zQKw3wint75lP7lGTRu3nZ3lqQyBkFw
2024-12-01,Agb94zQKw4n9qJ05lP7lGTRu3nZ37hPMWrYG
2024-12-02,mB3U1zQKw5lhhO35lP7lGTRu3nZ3G1BdkbBX
2024-12-03,aBtU3zQKw7yzfF75lP7lGTRu3nZ3yhbhZpxV
2024-12-04,CwIT4zQKw6STsr05lP7lGTRu3nZ3xAh9UUMf
2024-12-05,sRNS4zQKw73DW905lP7lGTRu3nZ3zvX4Kxez
2024-12-06,bQQt3zQKw9JusB35lP7lGTRu3nZ3FyeS9swe
2024-12-07,iA352zQKw3x33205lP7lGTRu3nZ4c5CEQY46
2024-12-08,oNYK7zQKw9CpYY75lP7lGTRu3nZ3X8WiIcNZ
2024-12-09,yleJ8zQKw0IySM05lP7lGTRu3nZ4Kqxxbr7m
2024-12-10,NAaa0zQKw1ppdw75lP7lGTRu3nZ4faiajmcp
2024-12-11,Q7Bj4zQKw1ydIz35lP7lGTRu3nZ4ca02GX7S
2024-12-12,vI7R0zQKw3qFOP05lP7lGTRu3nZ4i5KenS63
2024-12-13,E15Z0zQKw3kmVB35lP7lGTRu3nZ4JyU9lSy4
2024-12-14,jn8n8zQKw7oJOQ05lP7lGTRu3nZ4AoZQnbOT
2024-12-15,uvPN8zQKw8sMSt35lP7lGTRu3nZ4dkbBPdW4
2024-12-16,o0Ak7zQKw7Ui8i05lP7lGTRu3nZ41iVOMCIQ
2024-12-17,eULo7zQKw9arxy35lP7lGTRu3nZ4CzoHpkkL
2024-12-18,aBlm5zQKw0TVTs35lP7lGTRu3nZ5dDaa8o1Q
2024-12-19,wb3c9zQKw0zhvx05lP7lGTRu3nZ5EO60yDYv
2024-12-20,d7Dp4zQKw18twI35lP7lGTRu3nZ5CklTYg5Y
2024-12-21,JB2S4zQKw27FGr05lP7lGTRu3nZ5ACxgQmB5
2024-12-22,kiwA0zQKw4Gh1X05lP7lGTRu3nZ5RAbuo9w5
2024-12-23,RYzc4zQKw3glbB75lP7lGTRu3nZ5xDIR9Ksf
2024-12-24,ZLbb1zQKw4nsCJ35lP7lGTRu3nZ5eRe3EKHu
2024-12-25,zVDc0zQKw6fbls05lP7lGTRu3nZ5n2xmeo5X
2024-12-26,woNj1zQKw6W92v35lP7lGTRu3nZ5JQeQoXDg
2024-12-27,fw3H0zQKw7yKBV75lP7lGTRu3nZ5lWr9zeR9
2024-12-28,zLGV1zQKw1KZrs35lP7lGTRu3nZ6qsFJSFc8
2024-12-29,nCGv8zQKw8kPO335lP7lGTRu3nZ5Wx7Zt0dD
2024-12-30,qvNx9zQKw8AhWB05lP7lGTRu3nZ5AeW5hIt3
2024-12-31,ttGC5zQKw20c6605lP7lGTRu3nZ69IeeKfeT
2025-01-01,8o6w6zQKw0jGyL75lP7lGTRu3nZ6JzQYN1pD
2025-01-02,Re247zQKw0neml35lP7lGTRu3nZ6ezhTxCUR
2025-01-03,unIy4zQKw2YS9205lP7lGTRu3nZ65s3eHVTJ
2025-01-04,nS1n4zQKw2sHV705lP7lGTRu3nZ6EOt2qCzm
2025-01-05,xvzs3zQKw6JxTk35lP7lGTRu3nZ6fTAs5O4C
2025-01-06,8Ysg9zQKw3D9jp75lP7lGTRu3nZ64K6yqbuO
2025-01-07,S5W70zQKw5Coyr35lP7lGTRu3nZ6cm6Qr8d4
2025-01-08,mths3zQKw5Qb8B35lP7lGTRu3nZ6lZwLzgWN
2025-01-09,ctmv6zQKw6D80405lP7lGTRu3nZ6m3oqTfVU
2025-01-10,3tRL2zQKw7XXnV75lP7lGTRu3nZ6cDC48eVj
2025-01-11,PqZM8zQKw7sQhP35lP7lGTRu3nZ6wLxRrHny
2025-01-12,7pNW9zQKw7RMKb75lP7lGTRu3nZ6l9DBeA5g
2025-01-13,M2725zQKw8YYEr35lP7lGTRu3nZ6Dgmm94V2
2025-01-14,gYmT0zQKw9OEpC75lP7lGTRu3nZ6mRdqJnOV
2025-01-15,h9JI7zQKw99Zzc05lP7lGTRu3nZ6mRuStwWG
2025-01-16,qpV69zQKw04frJ35lP7lGTRu3nZ7A2Iydmba
2025-01-17,Oqoa4zQKw19dUJ75lP7lGTRu3nZ7gb5gnSen
2025-01-18,hqsT4zQKw1RMOa75lP7lGTRu3nZ7tHt78PKI
2025-01-19,iCGV4zQKw1IOg575lP7lGTRu3nZ7THmXWDnl
2025-01-20,IFrU7zQKw2Q3wt35lP7lGTRu3nZ7yfUpMyg4
2025-01-21,VE7e3zQKw3Oymv05lP7lGTRu3nZ7YfZwGNec
2025-01-22,O1DC2zQKw4NcB605lP7lGTRu3nZ7xxvUzl7J
2025-01-23,AOW72zQKw4Q9aL05lP7lGTRu3nZ7vV0KspC7
2025-01-24,4koj6zQKw4ZmXy75lP7lGTRu3nZ7AT33Z8nU
2025-01-25,T5m81zQKw5UeVx05lP7lGTRu3nZ7n3wr7Q6U
2025-01-26,vulB3zQKw6yI4Q75lP7lGTRu3nZ7z0K07GCM
2025-01-27,TLZG3zQKw6xZBG35lP7lGTRu3nZ7vDIgxYdb
2025-01-28,FLAz2zQKw6OrRl75lP7lGTRu3nZ7S3Rn2ANW
2025-01-29,7RkF8zQKw7M9uA05lP7lGTRu3nZ7hDcVy7x2
2025-01-30,bmMj8zQKw7OkiZ75lP7lGTRu3nZ7AxHxFyN1
2025-01-31,ky9B9zQKw7ACST35lP7lGTRu3nZ7KswgBNFw
2025-02-01,ycxm2zQKw8Gawb05lP7lGTRu3nZ7S2O45kVf
2025-02-02,o5cG7zQKw98rdt05lP7lGTRu3nZ7L1TG4tMe
2025-02-03,O9T51zQKw0jv6l35lP7lGTRu3nZ8HjaBZMhE
2025-02-04,2aqn4zQKw0M0Fj35lP7lGTRu3nZ8x5mI78Xy
2025-02-05,Wf7E4zQKw2DXuE05lP7lGTRu3nZ8zvvOSond
2025-02-06,N4bP4zQKw271AF75lP7lGTRu3nZ8tsNe1B2A
2025-02-07,SXgB8zQKw31Y8N35lP7lGTRu3nZ8Sd5vdF4P
2025-02-08,ycVW9zQKw36P5E05lP7lGTRu3nZ8q8gA6Zuy
2025-02-09,Wi5K9zQKw5o2SO35lP7lGTRu3nZ8nrHqCRuM
2025-02-10,p5uC1zQKw6htJL75lP7lGTRu3nZ8D5Zx4kxd
2025-02-11,kOmx7zQKw7XK9205lP7lGTRu3nZ8VpnNV5T9
2025-02-12,XFih1zQKw9V8NJ05lP7lGTRu3nZ8suW5K7IY
2025-02-13,QDPo8zQKw8JO1p35lP7lGTRu3nZ8b4byTkyy
2025-02-14,bbAn1zQKw3Nr8L35lP7lGTRu3nZ97FzVkUM4
2025-02-15,je687zQKw0rXbD75lP7lGTRu3nZ9zp4FUHLs
2025-02-16,TMxa9zQKw1Cmma05lP7lGTRu3nZ99ek5WzM9
2025-02-17,qLuE9zQKw1vRjN75lP7lGTRu3nZ9D96g1gbu
2025-02-18,n4SS4zQKw37uwx75lP7lGTRu3nZ98HvJeRm4
2025-02-19,x4w74zQKw5yo6V05lP7lGTRu3nZ9ssjhrwiT
2025-02-20,wLhG6zQKw6VIrw35lP7lGTRu3nZ9EyHHfuax
2025-02-21,4oA74zQKw5IwXf35lP7lGTRu3nZ9z5ISQTx9
2025-02-22,MmFC7zQKw75fdu35lP7lGTRu3nZ9vXicftRi
2025-02-23,cmMM9zQKw78wkl75lP7lGTRu3nZ0sjTQmPq6
2025-02-24,IZzK3zQKw4rjNt05lP7lGTRu3nZ0kLeWLl15
2025-02-25,9oWX1zQKw1Xb1E75lP7lGTRu3nZ03tYCPpZE
2025-02-26,oGmF6zQKw0r5Up75lP7lGTRu3nZ0fQyEnLAz
2025-02-27,cSBV8zQKw5bstL35lP7lGTRu3nZ08UokoHT0
2025-02-28,F8RX6zQKw6BlOY75lP7lGTRu3nZ07gwP0g5q
2025-03-01,kWtP3zQKw9zAVU35lP7lGTRu3nZ02tTWgj2n
2025-03-02,wikQ4zQKw9GZwu05lP7lGTRu3nZ0MVzHPF8K
2025-03-03,SG194zQKw9Hxyr05lP7lGTRu3nZ0ZgyZzFAg
2025-03-04,U9Z96zQKw1SkQ805lP7lGTRu3nZ1OXR23A8d
2025-03-05,zg5f3zQKw2pAiR75lP7lGTRu3nZ1oAsv5l9U
2025-03-06,CIMb9zQKw2Gu4i75lP7lGTRu3nZ1vw9qLN4W
2025-03-07,rZGD2zQKw3cB1l75lP7lGTRu3nZ2IBUiPPCo
2025-03-08,HihT6zQKw5VsjN75lP7lGTRu3nZ12BNtlSqc
2025-03-09,1LVO1zQKw4iW8f35lP7lGTRu3nZ1rWtGuME6
2025-03-10,7wIH7zQKw64G7r75lP7lGTRu3nZ1Y1kQrLpu
2025-03-11,f7zv9zQKw5KzmS75lP7lGTRu3nZ1UJ8UIq8Y
2025-03-12,4cee7zQKw7rRQ505lP7lGTRu3nZ14MOGJite
2025-03-13,i8FD7zQKw8VlrR05lP7lGTRu3nZ13LPGQ1NY
2025-03-14,IqdD9zQKw0gglI05lP7lGTRu3nZ2E3CzY1Uo
2025-03-15,VEh84zQKw9HIwT75lP7lGTRu3nZ1ewWY7Wsy
2025-03-16,BI5a1zQKw2eS7l75lP7lGTRu3nZ2gMuoCphP
2025-03-17,S8qx3zQKw2VZFE75lP7lGTRu3nZ2BetPxQ80
2025-03-18,IDbV5zQKw3ZGSs05lP7lGTRu3nZ2jq7Q1UUN
2025-03-19,fg3Z6zQKw43NIL05lP7lGTRu3nZ2wB5TFz91
2025-03-20,xhrw9zQKw4FpE505lP7lGTRu3nZ2QsL2BtMF
2025-03-21,YMEh9zQKw47WJs35lP7lGTRu3nZ2Um9SLzb1
2025-03-22,WgcQ0zQKw83dJb05lP7lGTRu3nZ28l70afdP
2025-03-23,B8Ab4zQKw1R8gI35lP7lGTRu3nZ3K172UUmS
2025-03-24,024u7zQKw6ZwT635lP7lGTRu3nZ2pdGh1MJx
2025-03-25,ggMy3zQKw78ppX05lP7lGTRu3nZ2Cvum9i8M
2025-03-26,r0Dn8zQKw5XcZ135lP7lGTRu3nZ3mkLAQtY2
2025-03-27,opcQ5zQKw0YCFv05lP7lGTRu3nZ3EtRmDVwU
2025-03-28,O9PD9zQKw9ZhRL75lP7lGTRu3nZ2C7y9v4DB
2025-03-29,rdrZ9zQKw2jy4w75lP7lGTRu3nZ32UiNDaaB
2025-03-30,gOUr3zQKw3EEoR35lP7lGTRu3nZ3GyjNZKYq
2025-03-31,qj050zQKw4dbu505lP7lGTRu3nZ3jST2EGmB
2025-04-01,n4Yv5zQKw4Qqp735lP7lGTRu3nZ3sE58UQqr
2025-04-02,7DSa7zQKw5TXFX05lP7lGTRu3nZ3fjyfOt8N
2025-04-03,AcF29zQKw5mKdJ75lP7lGTRu3nZ388z3g18H
2025-04-04,zqU86zQKw1IHDe05lP7lGTRu3nZ4vXJGBc3K
2025-04-05,Lv9L3zQKw8HvFY75lP7lGTRu3nZ3W9zFlXGf
2025-04-06,WxLt3zQKw8wfxE75lP7lGTRu3nZ3ufkicK2w
2025-04-07,bYb66zQKw82tRD35lP7lGTRu3nZ3jkqtwcmQ
2025-04-08,IJWg3zQKw0V8rv05lP7lGTRu3nZ4E7sOpxES
2025-04-09,NwKl6zQKw1rvA305lP7lGTRu3nZ48ZrWalzn
2025-04-10,libd7zQKw1ntAC75lP7lGTRu3nZ4ETXlaSko
2025-04-11,sV6y0zQKw2XfDG05lP7lGTRu3nZ4QBtJJeEP
2025-04-12,WTn46zQKw3qfVR35lP7lGTRu3nZ4FwLl5z5s
2025-04-13,ujhy8zQKw3BGbo35lP7lGTRu3nZ4apgngnKU
2025-04-14,Va4x6zQKw6SDUs35lP7lGTRu3nZ4CbvIy3a0
2025-04-15,qcPo8zQKw4ZOpK35lP7lGTRu3nZ4w75TdTfq
2025-04-16,6DUn6zQKw51tnr35lP7lGTRu3nZ4QDL6URnW
2025-04-17,nL2b4zQKw6UiVx75lP7lGTRu3nZ4ZEmvYUCb
2025-04-18,SBv56zQKw7V1iH05lP7lGTRu3nZ4qKcnO56s
2025-04-19,8Z0D9zQKw9zZ9s05lP7lGTRu3nZ4RI3uec2K
2025-04-20,aRd27zQKw9Uk1z75lP7lGTRu3nZ4nbueJHRl
2025-04-21,jKaz1zQKw3UcYz05lP7lGTRu3nZ5Xp6Y820p
2025-04-22,20jb8zQKw2oCBb05lP7lGTRu3nZ5WW7yNajM
2025-04-23,wS2d4zQKw6tS0s35lP7lGTRu3nZ52gEPQbt8
2025-04-24,TLM98zQKw4AZsE75lP7lGTRu3nZ5DEknD0ld
2025-04-25,Thvr7zQKw60cJb35lP7lGTRu3nZ5juXpNsxN
2025-04-26,FwRX1zQKw0Ssgt05lP7lGTRu3nZ6SI4wbDu6
2025-04-27,vF5P6zQKw8xz2975lP7lGTRu3nZ5ItEVMoI6
2025-04-28,xvD24zQKw9wKmD35lP7lGTRu3nZ5Fl3uL5BM
2025-04-29,BOo02zQKw0Unp205lP7lGTRu3nZ6OYNXc7GB
2025-04-30,6Kd21zQKw6AK4u35lP7lGTRu3nZ67wsYxC5u
2025-05-01,QLLw3zQKw4XbpT35lP7lGTRu3nZ7poF9NCL3
2025-05-02,zgYG0zQKw26CeD05lP7lGTRu3nZ6KNDesH8c
2025-05-03,YTKc8zQKw2T2oV75lP7lGTRu3nZ6KtokBqbf
2025-05-04,hNxd7zQKw4HC3A35lP7lGTRu3nZ6fpxS0UwI
2025-05-05,9P7t1zQKw5TAYO05lP7lGTRu3nZ60z7pQnOX
2025-05-06,wtGo2zQKw0bKib35lP7lGTRu3nZ74yEBpBoV
2025-05-07,jwtX5zQKw1J2HB75lP7lGTRu3nZ7Mx4rRSPJ
2025-05-08,Ci626zQKw1ts0335lP7lGTRu3nZ76fVq1WT6
2025-05-09,ezBJ4zQKw2eedt75lP7lGTRu3nZ8wVGjkn5A
2025-05-10,cU7R8zQKw3Dhw905lP7lGTRu3nZ7M57SKXbs
2025-05-11,40Lk7zQKw3QBLG75lP7lGTRu3nZ7EiT5EXBf
2025-05-12,cvwD8zQKw5S2cB35lP7lGTRu3nZ7GRko9NUV
2025-05-13,Rejf6zQKw8tUBD35lP7lGTRu3nZ7ucQdlihv
2025-05-14,oax66zQKw8H2rb35lP7lGTRu3nZ7ZwsI71pU
2025-05-15,vkKe9zQKw9AMAL35lP7lGTRu3nZ7tIve3yLO
2025-05-16,CTG73zQKw0i9eo35lP7lGTRu3nZ8YXLlkyXl
2025-05-17,Kc6e3zQKw0j9yf35lP7lGTRu3nZ83ZGk329W
2025-05-18,t7HD7zQKw186S205lP7lGTRu3nZ8f7d36Hvv
2025-05-19,yxsA9zQKw1wfKf05lP7lGTRu3nZ8dDInzv64
2025-05-20,y8Eh6zQKw3OkSG05lP7lGTRu3nZ8XmF8Lul6
2025-05-21,4uYg5zQKw07YQs05lP7lGTRu3nZ9uNaHed4a
2025-05-22,HVoq6zQKw4DLV235lP7lGTRu3nZ8N2gOJIF4
2025-05-23,QPlP1zQKw5gPwT05lP7lGTRu3nZ8eixDG7XV
2025-05-24,kP9z4zQKw69qZK75lP7lGTRu3nZ80tNlVZNh
2025-05-25,TkSG6zQKw6hCnN75lP7lGTRu3nZ8ITLhOTp1
2025-05-26,ryTS3zQKw7AMDg35lP7lGTRu3nZ8zWPbJZz4
2025-05-27,jqye0zQKw95jpA75lP7lGTRu3nZ8scWmcAnx
2025-05-28,dmN41zQKw0HuXC05lP7lGTRu3nZ9zSeAt2Hd
2025-05-29,3DEz0zQKw2jCIt35lP7lGTRu3nZ9ThZkoe6q
2025-05-30,NF0n3zQKw2Tjm675lP7lGTRu3nZ9ISLZCKY3
2025-05-31,cUT27zQKw2Bk6675lP7lGTRu3nZ9yiUmnick
2025-06-01,yK7l8zQKw3aCC005lP7lGTRu3nZ9fDWH10UN
2025-06-02,qXkj9zQKw0CmGt05lP7lGTRu3nZ0JYggDQ89
2025-06-03,5kdg4zQKw5Es6W05lP7lGTRu3nZ9yQQU3PyC
2025-06-04,0IhE4zQKw62Sbn35lP7lGTRu3nZ99rkXvh4C
2025-06-05,2Fph1zQKw7ILLw05lP7lGTRu3nZ9thS8Exqp
2025-06-06,sOAM5zQKw8Tg4L75lP7lGTRu3nZ9Hpe5qnWo
2025-06-07,PA0e5zQKw994nr05lP7lGTRu3nZ9vq3TVaPX
2025-06-08,IOgB6zQKw0TfCR05lP7lGTRu3nZ0ccKz5lZe
2025-06-09,14Ov2zQKw1mCsh05lP7lGTRu3nZ0zEPd5E2E
2025-06-10,T78W3zQKw3fuox35lP7lGTRu3nZ0hqqILnDc
2025-06-11,tOoa2zQKw2gSSz05lP7lGTRu3nZ065eJBdjo
2025-06-12,1Zfu9zQKw2SLDC75lP7lGTRu3nZ0gtJv1Nn3
2025-06-13,l0d09zQKw3psI935lP7lGTRu3nZ0MY24zEwJ
2025-06-14,dZ7x7zQKw5AJJs35lP7lGTRu3nZ0ZiZeHx6e
2025-06-15,hJts9zQKw5b7uH05lP7lGTRu3nZ0rb09Laay
2025-06-16,AQCH6zQKw7yDkW35lP7lGTRu3nZ0JN9wDULo
2025-06-17,VwVK0zQKw0Kvt775lP7lGTRu3nZ1p2pLyQja
2025-06-18,xMas9zQKw8HsUw75lP7lGTRu3nZ0SOjkNsU5
2025-06-19,Blr59zQKw858M875lP7lGTRu3nZ0eavCJB61
2025-06-20,Ds0s0zQKw2xkFq05lP7lGTRu3nZ16uUL6jlj
2025-06-21,3CqM6zQKw0ASV205lP7lGTRu3nZ1PGh7T43d
2025-06-22,2RXE9zQKw0kQQd75lP7lGTRu3nZ1kd63IVhB
2025-06-23,Pvn53zQKw2T5hg75lP7lGTRu3nZ1n9Litqe9
2025-06-24,bsCQ3zQKw5Zozm05lP7lGTRu3nZ2iQbdIfD8
2025-06-25,lIkk5zQKw5vVUy75lP7lGTRu3nZ1o5eetpB2
2025-06-26,J35m9zQKw4Ngyr75lP7lGTRu3nZ1Sq70SOHh
2025-06-27,1NwU8zQKw6YIa775lP7lGTRu3nZ1Hlq7wxAQ
2025-06-28,j4il9zQKw6xRUl05lP7lGTRu3nZ139cyktme
2025-06-29,bcs06zQKw8bdWF05lP7lGTRu3nZ1M8dnw9Ti
2025-06-30,9FX37zQKw8TvPg35lP7lGTRu3nZ15MY2Zx3G
2025-07-01,uB4X6zQKw9ouGS35lP7lGTRu3nZ1XjmBLqEz
2025-07-02,g67x4zQKw0nkVd05lP7lGTRu3nZ2J9LadB1K
2025-07-03,izdh7zQKw1ALIA75lP7lGTRu3nZ2Q59JnFFd
2025-07-04,eRTI3zQKw2JDdP35lP7lGTRu3nZ2A2wIV1mR
2025-07-05,MFcc5zQKw36XzE75lP7lGTRu3nZ2ApYLcwXN
2025-07-06,BM6g9zQKw431ac35lP7lGTRu3nZ2dFhdJXIU
2025-07-07,zBnB5zQKw8dTc705lP7lGTRu3nZ2pc3rWRNT
2025-07-08,SVMm4zQKw5UX8405lP7lGTRu3nZ2R7T9ON4w
2025-07-09,CQZe5zQKw60vuc35lP7lGTRu3nZ26nzFDVTN
2025-07-10,dlKN8zQKw652x775lP7lGTRu3nZ20PwAS3r0
2025-07-11,Dk332zQKw7sObG05lP7lGTRu3nZ2kJJCZtbZ
2025-07-12,oF4p0zQKw8LpwW05lP7lGTRu3nZ2oiuUn6hC
2025-07-13,abFG8zQKw8AU9f05lP7lGTRu3nZ2sqXFNQbX
2025-07-14,d0vi7zQKw9a5PF35lP7lGTRu3nZ29LVSW0ky
2025-07-15,NWAH1zQKw0fxj175lP7lGTRu3nZ3ncx7ycV0
2025-07-16,XIM52zQKw0iBtx75lP7lGTRu3nZ30LBtArY5
2025-07-17,IdF36zQKw08kMS05lP7lGTRu3nZ3y9sfb6xw
2025-07-18,Vf043zQKw2WICN05lP7lGTRu3nZ3ILg74VWJ
2025-07-19,i02b5zQKw2TXBd05lP7lGTRu3nZ3m2NuN6Lm
2025-07-20,WWw00zQKw8oYp875lP7lGTRu3nZ3lwlA6kHh
2025-07-21,vf7b4zQKw4Kliz35lP7lGTRu3nZ3RyVlYdtn
2025-07-22,OEFx9zQKw4mBBe05lP7lGTRu3nZ3LjZyjE7t
2025-07-23,5GiD2zQKw6eRmj35lP7lGTRu3nZ3KW4hFNo0
2025-07-24,xsoB6zQKw7CRLt05lP7lGTRu3nZ3O34mlBLk
2025-07-25,KKpC0zQKw8s7Fx35lP7lGTRu3nZ3fO3Xybmd
2025-07-26,bWek9zQKw0qIa505lP7lGTRu3nZ4FrmlrVMU
2025-07-27,r79H5zQKw5FlWC75lP7lGTRu3nZ44AQA4M3H
2025-07-28,E2RA2zQKw2sO6L75lP7lGTRu3nZ4EI5nyaXB
2025-07-29,gY0d9zQKw2kpvp05lP7lGTRu3nZ4tWE1F2LG
2025-07-30,sSP95zQKw3y87c05lP7lGTRu3nZ4zNZfvI7P
2025-07-31,MRqL0zQKw5sghw05lP7lGTRu3nZ4l9aWSp4s
2025-08-01,05831zQKw5EyYj05lP7lGTRu3nZ4P9ffxX75
2025-08-02,8Omd6zQKw52yzY05lP7lGTRu3nZ4ZqOGA3Io
2025-08-03,SnCr1zQKw7YNV505lP7lGTRu3nZ4zNjDAcER
2025-08-04,KFqe4zQKw7Ep8k05lP7lGTRu3nZ4FOmyaATA
2025-08-05,jOcC4zQKw7Rkju75lP7lGTRu3nZ43Aif0J62
2025-08-06,0t1u4zQKw7qvkD35lP7lGTRu3nZ4UA2YVmHe
2025-08-07,Y23T6zQKw86MYT35lP7lGTRu3nZ4gtBEBU9K
2025-08-08,otrM3zQKw9PXpP35lP7lGTRu3nZ4RB9DN5at
2025-08-09,YXIw3zQKw9PRxx05lP7lGTRu3nZ48Isvz4n2
2025-08-10,AuBv8zQKw28iCT75lP7lGTRu3nZ6Hw7cRgTn
2025-08-11,sC2P5zQKw0A5VQ05lP7lGTRu3nZ5zbXzJI05
2025-08-12,U4le0zQKw1f6vi35lP7lGTRu3nZ57rRBOAch
2025-08-13,zeby0zQKw2rdhQ75lP7lGTRu3nZ5HM9AKMNY
2025-08-14,I1Do2zQKw2VfCS35lP7lGTRu3nZ5lDFOKQpt
2025-08-15,T9Bq1zQKw3IT5C35lP7lGTRu3nZ54u9Zpq6T
2025-08-16,y2Uq8zQKw3VENu05lP7lGTRu3nZ5yNxDoo16
2025-08-17,PQt05zQKw4C45P05lP7lGTRu3nZ5jtHwt59W
2025-08-18,x38k8zQKw4ZzcG35lP7lGTRu3nZ5FtSm9io6
2025-08-19,jLN48zQKw5NpOZ35lP7lGTRu3nZ5teeZI547
2025-08-20,z6IS4zQKw6FRrI75lP7lGTRu3nZ5T9021ZZQ
2025-08-21,I7Lo1zQKw7pUxE75lP7lGTRu3nZ5boyqdQWx
2025-08-22,BmqR0zQKw8RqCy75lP7lGTRu3nZ5sixNr1CD
2025-08-23,6rGz0zQKw9Ukh335lP7lGTRu3nZ52XHaVPPE
2025-08-24,2awQ9zQKw9x4GM35lP7lGTRu3nZ5DRLnNa8W
2025-08-25,LuKs5zQKw02WTy75lP7lGTRu3nZ67tdz2xXA
2025-08-26,YwWp8zQKw1dyvE05lP7lGTRu3nZ6e9xwMBUh
2025-08-27,Nf7X0zQKw36kEl75lP7lGTRu3nZ6umOrLtBB
2025-08-28,AoUf5zQKw3Piw905lP7lGTRu3nZ6Hc4xzPYE
2025-08-29,fg1c9zQKw3FAmo05lP7lGTRu3nZ6AVzBflbZ
2025-08-30,y6Ww8zQKw45XVL75lP7lGTRu3nZ6YMNsfnvf
2025-08-31,8dxe0zQKw5XhQk75lP7lGTRu3nZ6Wuu39sYO
2025-09-01,ayNe4zQKw5h1Tj05lP7lGTRu3nZ6qMRGYpIW
2025-09-02,cSTi1zQKw6JbIz35lP7lGTRu3nZ6F6t60WYu
2025-09-03,UQ0X7zQKw61y2B05lP7lGTRu3nZ6OMuRIE6u
2025-09-04,QS887zQKw6mEVM05lP7lGTRu3nZ6dvuwu8QW
2025-09-05,U9Ws3zQKw7L2tN05lP7lGTRu3nZ61FNDg8Ih
2025-09-06,6nfa6zQKw8zCkg75lP7lGTRu3nZ6Xd6Zpe2s
2025-09-07,p88S6zQKw8DTlH75lP7lGTRu3nZ6b4qwNL6f
2025-09-08,tVnK8zQKw87VPa35lP7lGTRu3nZ6iippXBLA
2025-09-09,tcK64zQKw1rGZl05lP7lGTRu3nZ7YSaifTwE
2025-09-10,Maoc3zQKw1picw05lP7lGTRu3nZ72mYFnMTJ
2025-09-11,PvYk3zQKw1BgrG35lP7lGTRu3nZ7r7ABptJZ
2025-09-12,sM975zQKw1iAVW35lP7lGTRu3nZ77j44wGc8
2025-09-13,nd4Y9zQKw3DGaU75lP7lGTRu3nZ7CVB9Yfgu
2025-09-14,XRqy9zQKw352Nc75lP7lGTRu3nZ7PeBy2HE5
2025-09-15,hWmA0zQKw4usQV35lP7lGTRu3nZ7x2XvDsb4
2025-09-16,bfpF9zQKw3su2805lP7lGTRu3nZ7w3XRA4Op
2025-09-17,Gicq9zQKw7VeJr75lP7lGTRu3nZ7shpXx9ZK
2025-09-18,e6lO7zQKw7mzKs35lP7lGTRu3nZ7KLbxBH34
2025-09-19,RAdp9zQKw7nrBc35lP7lGTRu3nZ7y8YeuREy
2025-09-20,iIsu2zQKw06uaI05lP7lGTRu3nZ8aV2pZrgy
2025-09-21,h3L32zQKw0oyYn05lP7lGTRu3nZ8JhNj93Iu
2025-09-22,s03t4zQKw0ddWo05lP7lGTRu3nZ8QIM8NLAZ
2025-09-23,aHbg5zQKw66yDa05lP7lGTRu3nZ81nP4TPcd
2025-09-24,ug5t4zQKw3LTT775lP7lGTRu3nZ8V2861RJM
2025-09-25,vtq78zQKw4eqdv05lP7lGTRu3nZ8TtApTgL2
2025-09-26,Q1WM9zQKw4EH2005lP7lGTRu3nZ8xKfnpSe5
2025-09-27,Yelb4zQKw8YYjP05lP7lGTRu3nZ8jJoyrE1B
2025-09-28,1Ufv5zQKw9Ymyh75lP7lGTRu3nZ8YTGssMHQ
2025-09-29,TJcC4zQKw8iV7F05lP7lGTRu3nZ8IjJYsUEJ
2025-09-30,DMbX0zQKw0CcWg05lP7lGTRu3nZ0cL4EEM4D
2025-10-01,2Rwo9zQKw1JRpM75lP7lGTRu3nZ9tcPkLNh9
2025-10-02,uYRr0zQKw4wfO375lP7lGTRu3nZ9aNOQ8Txo
2025-10-03,Ykdf1zQKw29WTr35lP7lGTRu3nZ9IFJaGsWU
2025-10-04,A8Vz8zQKw31cwP35lP7lGTRu3nZ9Ib83mydT
2025-10-05,97rU4zQKw5Ux8k75lP7lGTRu3nZ9vFd9AVQU
2025-10-06,ifLX4zQKw55n4635lP7lGTRu3nZ94o0oACp8
2025-10-07,CtPa7zQKw9oI7275lP7lGTRu3nZ9n7Whn9va
2025-10-08,5lfG6zQKw8vcF775lP7lGTRu3nZ91wChHX0n
2025-10-09,bQvK9zQKw85yk205lP7lGTRu3nZ9aDkUZdux
2025-10-10,nVPr0zQKw9Yzfv75lP7lGTRu3nZ9yg6i3hwv
2025-10-11,AHq39zQKw1JRE675lP7lGTRu3nZ0q0baIak8
2025-10-12,hKY69zQKw1oQth05lP7lGTRu3nZ07cVoSlZN
2025-10-13,lfge1zQKw2dbIC75lP7lGTRu3nZ0E5veDcuK
2025-10-14,5AQh8zQKw2DTgc35lP7lGTRu3nZ0jjeJJ9rP
2025-10-15,fda56zQKw3EGyH05lP7lGTRu3nZ0q4SEd1Ex
2025-10-16,rVOb7zQKw3fpk275lP7lGTRu3nZ0G8q1jy4Q
2025-10-17,A54P5zQKw4CdyU75lP7lGTRu3nZ0EbyfL8rB
2025-10-18,SI6B0zQKw5ZJSO75lP7lGTRu3nZ0E7c2gztV
2025-10-19,NHX99zQKw5PyE005lP7lGTRu3nZ0wgkgQYoc
2025-10-20,23WI8zQKw63U0q35lP7lGTRu3nZ0yvtuHH5T
2025-10-21,SS1M1zQKw7FzcQ35lP7lGTRu3nZ0bcs15lr5
2025-10-22,IWs70zQKw7z5m035lP7lGTRu3nZ0Qe4bX0lo
2025-10-23,ANXi0zQKw8Aq6e05lP7lGTRu3nZ0G9zU0pd5
2025-10-24,kvYU5zQKw8mw9W75lP7lGTRu3nZ0Sag3pLQp
2025-10-25,N5eF9zQKw8BTqb35lP7lGTRu3nZ04c3VP18E
2025-10-26,N92l9zQKw8tlTW05lP7lGTRu3nZ0UYpfPDHc
2025-10-27,0HQf8zQKw9Zi2o05lP7lGTRu3nZ00NoFsdd5
2025-10-28,hweh3zQKw0hNla35lP7lGTRu3nZ1nvx1JikK
2025-10-29,OXty7zQKw0W2yR75lP7lGTRu3nZ1IugmyKO9
2025-10-30,lUsb3zQKw1TfPC35lP7lGTRu3nZ1TlQk9xyT
2025-10-31,Oa995zQKw2hLrS05lP7lGTRu3nZ1lYJwquH2
2025-11-01,Jovz2zQKw3BVmv75lP7lGTRu3nZ1yIk05YDN
2025-11-02,m5XJ3zQKw35b2c05lP7lGTRu3nZ1vEDtsOs5
2025-11-03,KVW51zQKw5iWk005lP7lGTRu3nZ19ETSI6pb
2025-11-04,QG509zQKw47jND75lP7lGTRu3nZ1dkterDlR
2025-11-05,PlAB2zQKw5xjFP05lP7lGTRu3nZ1ElPvBB4j
2025-11-06,pJBa1zQKw6kMpk35lP7lGTRu3nZ15mMDpK0c
2025-11-07,bfMG7zQKw6PYUc75lP7lGTRu3nZ1JqNeSjtt
2025-11-08,HSqD7zQKw7OWT635lP7lGTRu3nZ1iqhof1wH
2025-11-09,pMy49zQKw7xGQN35lP7lGTRu3nZ1iiVCmlZL
2025-11-10,TrBS8zQKw89IhB05lP7lGTRu3nZ1qOIeut3m
2025-11-11,YNoj4zQKw9fXY505lP7lGTRu3nZ1oOnwHYtF
2025-11-12,qZTZ8zQKw1Tnsm75lP7lGTRu3nZ24qsII0RX
2025-11-13,MqlE8zQKw98Q6D05lP7lGTRu3nZ1LU0ZYf9A
2025-11-14,VlJR5zQKw0sv5s35lP7lGTRu3nZ24dqpFFyL
2025-11-15,RHBS0zQKw12kZW35lP7lGTRu3nZ20yvVaffA
2025-11-16,7mkn1zQKw2hMG775lP7lGTRu3nZ2vv5W8mIz
2025-11-17,PLjn4zQKw2otxe75lP7lGTRu3nZ2yn6rlhIW
2025-11-18,SQe98zQKw2NClH35lP7lGTRu3nZ2AK56Jueg
2025-11-19,L92E7zQKw38cHD35lP7lGTRu3nZ25Xjpotca
2025-11-20,CIW62zQKw4W4Lr35lP7lGTRu3nZ25c6JE2ii
2025-11-21,7qHg1zQKw5vj4075lP7lGTRu3nZ2b2N68VLM
2025-11-22,9Fnm4zQKw5NfVC75lP7lGTRu3nZ2vc0rSoIa
2025-11-23,Iu1S6zQKw6rtDl05lP7lGTRu3nZ2fClrcJrl
2025-11-24,cPN77zQKw7NOBb05lP7lGTRu3nZ2GTYslD2g
2025-11-25,MNqp6zQKw7BRwl75lP7lGTRu3nZ21jqU01cl
2025-11-26,5mlX1zQKw8h7ZY35lP7lGTRu3nZ2q9l2zTKf
2025-11-27,HlKi4zQKw2y3hO35lP7lGTRu3nZ3RC1rBhjH
2025-11-28,WOYY7zQKw9T38o35lP7lGTRu3nZ2vJp4ix6O
2025-11-29,gNJk7zQKw9u2vU75lP7lGTRu3nZ2GC1X4RFh
2025-11-30,ZgLa1zQKw15gLX35lP7lGTRu3nZ3xMxKSvj2
2025-12-01,Q3Kh5zQKw1hxTN05lP7lGTRu3nZ3ZDN5E8IP
2025-12-02,u99W4zQKw1uODw05lP7lGTRu3nZ3iPabojSG
2025-12-03,4yPV9zQKw2YP1z75lP7lGTRu3nZ3cQC5EDAY
2025-12-04,SaTk6zQKw6WclR75lP7lGTRu3nZ3cc824z05
2025-12-05,Lmbg3zQKw4gJPq75lP7lGTRu3nZ3tN8bsZV6
2025-12-06,hkew6zQKw4co7975lP7lGTRu3nZ3rqU3cBeq
2025-12-07,jAoW3zQKw56uS605lP7lGTRu3nZ3YNFQWIaP
2025-12-08,bx4h0zQKw6UfjP05lP7lGTRu3nZ36ahLM0Qc
2025-12-09,pV1q5zQKw6IqSg05lP7lGTRu3nZ3gulAc671
2025-12-10,coGU7zQKw8N4sD35lP7lGTRu3nZ3kq2wyBly
2025-12-11,JdFC9zQKw8w87Z35lP7lGTRu3nZ338EGfvXS
2025-12-12,L0eY4zQKw9osHE35lP7lGTRu3nZ3C6F2N5yw
2025-12-13,a8mf8zQKw1DL5j75lP7lGTRu3nZ45CFTnvVD
2025-12-14,TApl2zQKw2VlO675lP7lGTRu3nZ4UdNcSQTf
2025-12-15,zXYv2zQKw2LGH835lP7lGTRu3nZ4alcGhZps
2025-12-16,zI8w4zQKw23fmY05lP7lGTRu3nZ47HiKQfcA
2025-12-17,Tvz18zQKw4BBn075lP7lGTRu3nZ4qcRZbmnH
2025-12-18,Iwu59zQKw4CYBK35lP7lGTRu3nZ4AI2n5HJa
2025-12-19,hFDY1zQKw5Dvpq05lP7lGTRu3nZ4oGDkDJOG
2025-12-20,BQk91zQKw5f7pe75lP7lGTRu3nZ4jf7f9Yv2
2025-12-21,ettg7zQKw6gWrc35lP7lGTRu3nZ4oWhwtrdg
2025-12-22,VUJ76zQKw7yR0f35lP7lGTRu3nZ4ngVGyXcq
2025-12-23,TxGS7zQKw7Wo7H05lP7lGTRu3nZ4OiXNnjYz
2025-12-24,lcGa7zQKw7IqvG35lP7lGTRu3nZ48T9zBoa1
2025-12-25,glQO4zQKw9jf6V35lP7lGTRu3nZ4SUvoRl8E
2025-12-26,L7kI3zQKw05IHQ35lP7lGTRu3nZ5v6vhCMHq
2025-12-27,LEnA4zQKw03ihS75lP7lGTRu3nZ5KUNaM6dy
2025-12-28,l53e9zQKw13LSO75lP7lGTRu3nZ5gMMXcIoB
2025-12-29,mDiR8zQKw2AKJn75lP7lGTRu3nZ5iKoZtxnb
2025-12-30,2Hva5zQKw2ffk105lP7lGTRu3nZ5eZTk0dds
2025-12-31,5eVm2zQKw3dEmM35lP7lGTRu3nZ5Po9khwDX
2026-01-01,ltsD5zQKw3OB2L35lP7lGTRu3nZ5YTNZGiL1
2026-01-02,yRrm1zQKw4Qm0175lP7lGTRu3nZ5gshndMKt
2026-01-03,ySuU7zQKw57DaX75lP7lGTRu3nZ5okMcBMSp
2026-01-04,5tX88zQKw5QW7J35lP7lGTRu3nZ5XKmK7SvR
2026-01-05,dLLh1zQKw6xkIj35lP7lGTRu3nZ5FlqfyXDs
2026-01-06,ZDFM1zQKw75Bpf35lP7lGTRu3nZ5wTQM1uS0
2026-01-07,tKbu4zQKw7Zc7A05lP7lGTRu3nZ5Ddo1W7MM
2026-01-08,yy9D7zQKw7Q0jd05lP7lGTRu3nZ5HQhbcz1D
2026-01-09,kqSL6zQKw7VYi975lP7lGTRu3nZ5iqbd0goC
2026-01-10,i6cp0zQKw0p2T135lP7lGTRu3nZ6kyPefWRE
2026-01-11,kb7J9zQKw0uJMf05lP7lGTRu3nZ6Yn0uGVgH
2026-01-12,g1Q69zQKw1dBQy05lP7lGTRu3nZ6Ez66w611
2026-01-13,Tldd6zQKw1lVa735lP7lGTRu3nZ611LWDxyG
2026-01-14,msIZ8zQKw2ltGB05lP7lGTRu3nZ6ZDtKNBpr
2026-01-15,dRdY7zQKw29gNJ35lP7lGTRu3nZ6TeGxaM6p
2026-01-16,scqt3zQKw42DAc35lP7lGTRu3nZ6T0UWjnld
2026-01-17,H2YG7zQKw3rAY235lP7lGTRu3nZ6C7Cy8Dzt
2026-01-18,aVCK3zQKw5yvzq35lP7lGTRu3nZ6Uvg077Vk
2026-01-19,T3U36zQKw5y9rZ05lP7lGTRu3nZ6uMoOKKCO
2026-01-20,rm7O6zQKw507vZ35lP7lGTRu3nZ6aA3F3xbF
2026-01-21,aCTI1zQKw7bAae75lP7lGTRu3nZ6aQpYK7ho
2026-01-22,JYFY4zQKw7F1NP75lP7lGTRu3nZ6GeQOullu
2026-01-23,RLej6zQKw7LKrS35lP7lGTRu3nZ6cJQmJMsx
2026-01-24,aRAn0zQKw9Yeck05lP7lGTRu3nZ6WBRNRTzP
2026-01-25,XuG63zQKw96Swz05lP7lGTRu3nZ6vm2qSNGr
2026-01-26,5pyo0zQKw0YeTA35lP7lGTRu3nZ7Y9lAwW7z
2026-01-27,7taR4zQKw0VDsL35lP7lGTRu3nZ7uypdUuSo
2026-01-28,30Zi3zQKw1U8rM35lP7lGTRu3nZ7MKLDo4BN
2026-01-29,NtcH0zQKw29Tiv05lP7lGTRu3nZ7f4y3FQkG
2026-01-30,ZauY2zQKw3rysP75lP7lGTRu3nZ71oqh8Kk9
2026-01-31,oJ6r6zQKw35Yjb35lP7lGTRu3nZ7SiI0nBp4
2026-02-01,P7V66zQKw5WixE05lP7lGTRu3nZ7zafacJMu
2026-02-02,c81l3zQKw6rveu05lP7lGTRu3nZ7D329ffG2
2026-02-03,5Tz86zQKw8rKh635lP7lGTRu3nZ7dfnNKS9K
2026-02-04,paAD2zQKw91bBc35lP7lGTRu3nZ7GkacIRAl
2026-02-05,zTv82zQKw9d30005lP7lGTRu3nZ7FN9QAZu3
2026-02-06,YN8a2zQKw2wZKO05lP7lGTRu3nZ8V2bTD0ge
2026-02-07,BV8W2zQKw2OBrj35lP7lGTRu3nZ8NLeU62GV
2026-02-08,LLmF4zQKw32VNM35lP7lGTRu3nZ8MGXHPivX
2026-02-09,VWJZ8zQKw3My8A05lP7lGTRu3nZ8hESwncU2
2026-02-10,WoOE9zQKw3QxMH35lP7lGTRu3nZ8KywEhV6D
2026-02-11,gJVC8zQKw4MwP375lP7lGTRu3nZ8YPTY6rJz
2026-02-12,zWIW3zQKw5MXEo35lP7lGTRu3nZ8Vm2aUqgi
2026-02-13,2CQf9zQKw8SmHv05lP7lGTRu3nZ8Ucfa6PpG
2026-02-14,6qoC5zQKw6w79H35lP7lGTRu3nZ8W90iX9Ge
2026-02-15,3A3c2zQKw7ZtF335lP7lGTRu3nZ8W1EDThSe
2026-02-16,Cw8c5zQKw72mzE75lP7lGTRu3nZ86LShadRL
2026-02-17,0jGJ1zQKw9MrqJ35lP7lGTRu3nZ8gkiekxJt
2026-02-18,3VjK2zQKw9hNB935lP7lGTRu3nZ8fmqL2mre
2026-02-19,3DSG5zQKw9Jtxf75lP7lGTRu3nZ8eT9zYK6w
2026-02-20,0iVx0zQKw1Rge075lP7lGTRu3nZ99y89EhSX
2026-02-21,LFdU5zQKw1zDQM05lP7lGTRu3nZ9tn11dMQq
2026-02-22,e5JY7zQKw1Lsdn35lP7lGTRu3nZ9oQFdnYFL
2026-02-23,cNks7zQKw1gLGv75lP7lGTRu3nZ9VUVnx8OI
2026-02-24,6KZ38zQKw28oMV35lP7lGTRu3nZ9T3lUWKkf
2026-02-25,SfZn3zQKw3Hebj35lP7lGTRu3nZ9dz65eCDb
2026-02-26,o6dp5zQKw40VKO05lP7lGTRu3nZ9ttlBOxzM
2026-02-27,lqcu9zQKw4xqdH75lP7lGTRu3nZ9x9JjtNRA
2026-02-28,Oiz80zQKw5wbSs75lP7lGTRu3nZ9GBe9M560
2026-03-01,66OH9zQKw5Jsjk05lP7lGTRu3nZ9rzzY1aB4
2026-03-02,Fybb2zQKw6ZeLx75lP7lGTRu3nZ9A00ljJ9g
2026-03-03,fPoF9zQKw6Im1m05lP7lGTRu3nZ9ysEe9QwY
2026-03-04,Qci17zQKw7rXqH05lP7lGTRu3nZ9EwFP1syK
2026-03-05,HUBa0zQKw81U8x05lP7lGTRu3nZ9RtbIU4Hy
2026-03-06,8EAj5zQKw98r1x75lP7lGTRu3nZ9XAYd1rvg
2026-03-07,e5F27zQKw9EZMN75lP7lGTRu3nZ971iUADtP
2026-03-08,gUha7zQKw0W6M075lP7lGTRu3nZ0R0qdInYu
2026-03-09,BpXF5zQKw1imPn05lP7lGTRu3nZ02RE4MTut
2026-03-10,ut2P3zQKw3VFTj35lP7lGTRu3nZ0WWspEgaA
2026-03-11,r9WO6zQKw3mmor05lP7lGTRu3nZ0pnz9PCdw
2026-03-12,iRjW6zQKw3aN7S35lP7lGTRu3nZ0p7ZugeIj
2026-03-13,MHEJ4zQKw5NqVK35lP7lGTRu3nZ0gs4XHoXB
2026-03-14,Bl2O6zQKw5pSsN75lP7lGTRu3nZ0OzmJ3vnd
2026-03-15,gr9G6zQKw5V5tT35lP7lGTRu3nZ0oqJuo8Rl
2026-03-16,JD4K7zQKw6JbVM05lP7lGTRu3nZ0JkTRss1y
2026-03-17,xmki7zQKw0JGmD05lP7lGTRu3nZ1ayrnG5H4
2026-03-18,TCH05zQKw7QzBr35lP7lGTRu3nZ0G2N99O4a
2026-03-19,9ytt2zQKw8wOfw35lP7lGTRu3nZ07HZELZHk
2026-03-20,nn6f7zQKw8T15E75lP7lGTRu3nZ0DTjF8cg5
2026-03-21,YePQ8zQKw9SPcb35lP7lGTRu3nZ0x6wYu3eH
2026-03-22,kjnL1zQKw0yF8v75lP7lGTRu3nZ1tfSDIslR
2026-03-23,XUuv4zQKw1SpqY05lP7lGTRu3nZ1C7ssTv6M
2026-03-24,twzS6zQKw1kUnt05lP7lGTRu3nZ1UP5ulPDr
2026-03-25,aA5X8zQKw1SaXa05lP7lGTRu3nZ1OvfSOcUt
2026-03-26,bS9f4zQKw3pAfj05lP7lGTRu3nZ1vnnl2ADe
2026-03-27,Pumx4zQKw3Zu4H35lP7lGTRu3nZ1LtYPuiIh
2026-03-28,b6hF2zQKw4XaYA75lP7lGTRu3nZ1pIHn8plD
2026-03-29,Xn1x2zQKw5ZTCd75lP7lGTRu3nZ1pt53hvFB
2026-03-30,FSOx0zQKw61zLF05lP7lGTRu3nZ1Bzggx74M
2026-03-31,ejYk3zQKw6fqli35lP7lGTRu3nZ1bvbnHOne
2026-04-01,hRpU7zQKw6wMXC75lP7lGTRu3nZ1m9CQEz3e
2026-04-02,Gwhh6zQKw7Pzzs35lP7lGTRu3nZ1A62Yrmke
2026-04-03,rHoH3zQKw80q8705lP7lGTRu3nZ1I7ZePXHi
2026-04-04,DqJL3zQKw8Jksm35lP7lGTRu3nZ19rNUO88G
2026-04-05,PtTI4zQKw84jB275lP7lGTRu3nZ1HRKQkgmk
2026-04-06,bPSz6zQKw1kuz535lP7lGTRu3nZ2LFcQ2mTv
2026-04-07,HdXT3zQKw1CAjW05lP7lGTRu3nZ2aZ1hddes
2026-04-08,0c3m2zQKw4M87635lP7lGTRu3nZ2tg6rcG7G
2026-04-09,Ckbh2zQKw1YJ8z75lP7lGTRu3nZ2lzJFk0J1
2026-04-10,hqWg1zQKw3EQ2F05lP7lGTRu3nZ2jExx36e1
2026-04-11,IueN0zQKw3XgP305lP7lGTRu3nZ21brrLlhH
2026-04-12,eF6I6zQKw39o0M75lP7lGTRu3nZ225YX5C8i
2026-04-13,Lc5k8zQKw4fd7m05lP7lGTRu3nZ2vDWbB1PW
2026-04-14,YYSQ9zQKw58A2k75lP7lGTRu3nZ20zDPXj4J
2026-04-15,gDmE8zQKw6IpgR75lP7lGTRu3nZ2YcGd0l6f
2026-04-16,Ck0g6zQKw7nx6305lP7lGTRu3nZ2IUqZFZOA
2026-04-17,su6h7zQKw9VBgG05lP7lGTRu3nZ2egoyESlP
2026-04-18,esUU6zQKw0WMRc35lP7lGTRu3nZ3CogaVjGW
2026-04-19,BgYN3zQKw0uu3035lP7lGTRu3nZ30WNfEQeH
2026-04-20,rtD23zQKw1JSu205lP7lGTRu3nZ3COG1Bk5R
2026-04-21,W2CS4zQKw56rQi05lP7lGTRu3nZ3JTI8kbkO
2026-04-22,Jmqg2zQKw2Oivh35lP7lGTRu3nZ3z0pSP358
2026-04-23,kRtW4zQKw3dygM75lP7lGTRu3nZ3fE49HZC6
2026-04-24,mHdE6zQKw3764705lP7lGTRu3nZ3LpsrHUBK
2026-04-25,dshw8zQKw3wknu35lP7lGTRu3nZ36yGfr2cn
2026-04-26,tCAZ3zQKw5Rnb505lP7lGTRu3nZ35alvRXjd
2026-04-27,4Gw57zQKw5PP9735lP7lGTRu3nZ39NiQe9bj
2026-04-28,PIic3zQKw6Eimt35lP7lGTRu3nZ39Nniavx2
2026-04-29,AQim0zQKw7NlTP75lP7lGTRu3nZ3o6fvY6HE
2026-04-30,TKUR2zQKw8EK7k35lP7lGTRu3nZ3oRRHtHvg
2026-05-01,WhQ52zQKw8Asjo05lP7lGTRu3nZ305xM8wLQ
2026-05-02,lnre2zQKw8ioZ975lP7lGTRu3nZ3fwXkbnAH
2026-05-03,zu7v8zQKw8JJ0p05lP7lGTRu3nZ3hZd7VHka
2026-05-04,EdDx0zQKw1rUPn75lP7lGTRu3nZ4t7pNNlhW
2026-05-05,VSsz0zQKw1AJU505lP7lGTRu3nZ456GnJRZw
2026-05-06,BZMB5zQKw16n2h05lP7lGTRu3nZ4FfcYuAml
2026-05-07,EsOj6zQKw1hMZ005lP7lGTRu3nZ4FV9undFS
2026-05-08,dqhu9zQKw1omVC35lP7lGTRu3nZ4mb72CGde
